"brood_year","hatchery_location_name","tag_code","Total_Released","Phi"
2012,"COLEMAN NFH","55599",805035,0.249192892234499
2012,"COLEMAN NFH","55604",841565,0.249153660145087
2012,"COLEMAN NFH","55605",836497,0.24985624574864
2012,"COLEMAN NFH","55596",824146,0.249850147910686
2012,"COLEMAN NFH","55593",403471,0.250939968424001
2012,"COLEMAN NFH","55594",447328,0.247952285571214
2012,"COLEMAN NFH","55595",453346,0.248053363214851
2012,"COLEMAN NFH","55606",877301,0.248637582768058
2012,"COLEMAN NFH","55607",898893,0.247975009261392
2012,"COLEMAN NFH","55608",1227882,0.248545870042887
2012,"COLEMAN NFH","55609",1314136,0.247928677092782
2012,"COLEMAN NFH","55610",1294408,0.249840853888418
2012,"COLEMAN NFH","55597",811907,0.249805704347912
2012,"COLEMAN NFH","55598",837949,0.248560473250759
2016,"COLEMAN NFH","56059",470561,0.238349544479887
2016,"COLEMAN NFH","56061",442865,0.249091709663216
2016,"COLEMAN NFH","56062",450011,0.24749839448369
2016,"COLEMAN NFH","56069",456477,0.248557977729437
2016,"COLEMAN NFH","56070",372199,0.249073748183096
2016,"COLEMAN NFH","56071",445196,0.249227306624498
2016,"COLEMAN NFH","56067",429337,0.244090306682163
2016,"COLEMAN NFH","56074",449560,0.247966900969837
2016,"COLEMAN NFH","56076",413913,0.247322504970851
2016,"COLEMAN NFH","56078",395676,0.248483607800321
2020,"COLEMAN NFH","56573",92337,1
2020,"COLEMAN NFH","56572",94294,0.995004984410461
2020,"COLEMAN NFH","56568",448265,0.247976085574381
2020,"COLEMAN NFH","56569",440617,0.246452134166408
2020,"COLEMAN NFH","56567",437407,0.249886261536738
2020,"COLEMAN NFH","56562",453345,0.249211968809626
2020,"COLEMAN NFH","56564",485091,0.249279001259557
2020,"COLEMAN NFH","56556",456349,0.24982633905191
2020,"COLEMAN NFH","56557",439217,0.249104656695893
2020,"COLEMAN NFH","56558",437486,0.249201117292896
2020,"COLEMAN NFH","56559",453716,0.248525509349461
2020,"COLEMAN NFH","56560",425654,0.248528147274547
2020,"COLEMAN NFH","56555",444983,0.249236487686046
2020,"COLEMAN NFH","56554",447637,0.248379825617632
2020,"COLEMAN NFH","56561",471901,0.249181502052337
2020,"COLEMAN NFH","56553",457568,0.247976257080915
2020,"COLEMAN NFH","56552",460315,0.249205435408362
2020,"COLEMAN NFH","56551",446200,0.249177498879426
2020,"COLEMAN NFH","56563",415179,0.249138323470118
2020,"COLEMAN NFH","56550",466177,0.249842870840904
2020,"COLEMAN NFH","56542",411202,0.249016298558859
2020,"COLEMAN NFH","56570",92718,1
2020,"COLEMAN NFH","56543",423518,0.248499473458035
2020,"COLEMAN NFH","56544",430937,0.249502827559481
2020,"COLEMAN NFH","56545",465421,0.249812535317487
2020,"COLEMAN NFH","56546",454311,0.249210342694762
2020,"COLEMAN NFH","56547",471995,0.249854341677348
2020,"COLEMAN NFH","56565",421713,0.249209770625994
2020,"COLEMAN NFH","56566",488957,0.249790881406749
2020,"COLEMAN NFH","56548",442960,0.249731352718078
2020,"COLEMAN NFH","56571",92156,0.985003689396241
2020,"COLEMAN NFH","56549",461552,0.249230855894894
2001,"COLEMAN NFH","50882",426944,0.184602664518063
2007,"COLEMAN NFH","54472",1386409,0.249820218997424
2001,"COLEMAN NFH","501040204",490974,0.148413154260714
2001,"COLEMAN NFH","501040203",436891,0.165872036732274
2001,"COLEMAN NFH","50874",399525,0.19587009573869
2001,"COLEMAN NFH","50879",492764,0.153105746361341
2001,"COLEMAN NFH","50880",483022,0.165064945281995
2007,"COLEMAN NFH","501040905",25057,0.96001117452209
2007,"COLEMAN NFH","54468",904894,0.249871255638782
2007,"COLEMAN NFH","54471",1356065,0.249612666059518
2007,"COLEMAN NFH","54399",444661,0.249176338828906
2000,"COLEMAN NFH","501030601",479994,0.120936928378271
2007,"COLEMAN NFH","54464",910137,0.249800854157121
2007,"COLEMAN NFH","54465",886099,0.249302843136038
2017,"COLEMAN NFH","56238",459733,0.249201166764187
2017,"COLEMAN NFH","56246",287889,0.248727808287222
2017,"COLEMAN NFH","56241",316802,0.248830499807451
2017,"COLEMAN NFH","56249",236932,0.248569209731062
2017,"COLEMAN NFH","56245",311942,0.248908450929981
2017,"COLEMAN NFH","56243",380574,0.249105298838071
2017,"COLEMAN NFH","56240",409504,0.24911356177229
2017,"COLEMAN NFH","56248",293198,0.248777276789064
2017,"COLEMAN NFH","56244",319939,0.248984962758526
2017,"COLEMAN NFH","53999",63236,0.245066101587703
2018,"COLEMAN NFH","56304",476688,0.246167304400362
2018,"COLEMAN NFH","56306",476256,0.248572196465766
2018,"COLEMAN NFH","56305",428494,0.24459385662343
2018,"COLEMAN NFH","56303",394626,0.245554018234987
2018,"COLEMAN NFH","56290",445223,0.247844338679718
2018,"COLEMAN NFH","56288",490073,0.249142474692546
2018,"COLEMAN NFH","56295",460487,0.247881047673441
2018,"COLEMAN NFH","56296",505967,0.248636768801127
2018,"COLEMAN NFH","56292",468809,0.249131309339198
2018,"COLEMAN NFH","56287",452175,0.249062862829657
2018,"COLEMAN NFH","56297",469247,0.246032473302973
2018,"COLEMAN NFH","56293",450309,0.249817347643507
2018,"COLEMAN NFH","56289",455338,0.24832541979804
2018,"COLEMAN NFH","56291",373784,0.249146565931126
2018,"COLEMAN NFH","56299",496385,0.249209786758262
2017,"COLEMAN NFH","56242",352561,0.249006554894047
2017,"COLEMAN NFH","56237",465436,0.249157778942755
2017,"COLEMAN NFH","56235",425276,0.24984950949501
2017,"COLEMAN NFH","56247",326221,0.248978453257148
2017,"COLEMAN NFH","56236",452931,0.249806261880949
2017,"COLEMAN NFH","56239",396078,0.249137796090669
2018,"COLEMAN NFH","56298",86779,0.247629034674288
2013,"COLEMAN NFH","55691",417440,0.249116040628593
2013,"COLEMAN NFH","55692",434740,0.24914201591756
2013,"COLEMAN NFH","55693",425119,0.249875917096154
2014,"COLEMAN NFH","55794",428695,0.24985362553797
2014,"COLEMAN NFH","55798",457950,0.249177857844743
2014,"COLEMAN NFH","55805",441874,0.246300981727823
2014,"COLEMAN NFH","55806",403825,0.249135145174271
2014,"COLEMAN NFH","55807",429835,0.248344132050671
2014,"COLEMAN NFH","55810",418802,0.246746672651993
2014,"COLEMAN NFH","55811",403068,0.247901098573938
2014,"COLEMAN NFH","55809",418018,0.248498868469779
2014,"COLEMAN NFH","55808",410494,0.247260617694778
2014,"COLEMAN NFH","55781",413698,0.249858592499843
2014,"COLEMAN NFH","55782",413770,0.249914203543031
2014,"COLEMAN NFH","55783",445156,0.249818041315853
2014,"COLEMAN NFH","55784",420772,0.249847898624433
2014,"COLEMAN NFH","55785",444778,0.249814514207088
2014,"COLEMAN NFH","55786",347316,0.249815729767704
2014,"COLEMAN NFH","55787",459104,0.249174478985154
2014,"COLEMAN NFH","55788",387224,0.249155527549945
2019,"COLEMAN NFH","56411",423356,0.248547321875679
2019,"COLEMAN NFH","56418",427392,0.248561039982031
2019,"COLEMAN NFH","56401",455265,0.245898542607053
2019,"COLEMAN NFH","56402",436540,0.249092866633069
2019,"COLEMAN NFH","56403",436059,0.249729967733724
2019,"COLEMAN NFH","56404",468013,0.248961033133695
2019,"COLEMAN NFH","56405",432727,0.249695535522396
2019,"COLEMAN NFH","56406",450370,0.248144858671759
2019,"COLEMAN NFH","56407",459922,0.247289757828501
2019,"COLEMAN NFH","56408",258145,0.248480505142459
2019,"COLEMAN NFH","56409",466273,0.249085835980209
2019,"COLEMAN NFH","56410",381272,0.248984976604629
2019,"COLEMAN NFH","56412",387076,0.249100951751077
2019,"COLEMAN NFH","56413",469818,0.245569560978932
2019,"COLEMAN NFH","56419",466196,0.246750293867815
2019,"COLEMAN NFH","56420",361280,0.24652624003543
2019,"COLEMAN NFH","56421",478707,0.249227606865995
2019,"COLEMAN NFH","56422",372086,0.249025762861274
2019,"COLEMAN NFH","56423",485185,0.249216278326824
2019,"COLEMAN NFH","56424",403070,0.248458084203736
2019,"COLEMAN NFH","56426",456792,0.247340146062103
2019,"COLEMAN NFH","56425",412867,0.244112510808565
2019,"COLEMAN NFH","56427",451105,0.248576273816517
2019,"COLEMAN NFH","56428",445427,0.249165407575203
2019,"COLEMAN NFH","56429",92261,0.984999078700643
2019,"COLEMAN NFH","56430",93597,0.994999839738453
2019,"COLEMAN NFH","56431",95812,0.99500062622636
2019,"COLEMAN NFH","56432",93824,0.985003836971351
2019,"COLEMAN NFH","55450",33960,0.249204946996466
2019,"COLEMAN NFH","56415",393713,0.248287458123049
2019,"COLEMAN NFH","56416",450416,0.246421086284679
2019,"COLEMAN NFH","56417",418417,0.247862778042001
2019,"COLEMAN NFH","56414",436001,0.247703560312935
2008,"COLEMAN NFH","54894",459743,0.249937465062002
2008,"COLEMAN NFH","54895",497110,0.24990042445334
2008,"COLEMAN NFH","54896",451534,0.249274694707375
2008,"COLEMAN NFH","54897",503002,0.249905566975877
2008,"COLEMAN NFH","54898",450191,0.249294188466673
2008,"COLEMAN NFH","54899",448669,0.249268391620549
2008,"COLEMAN NFH","54891",469789,0.249865365089434
2016,"COLEMAN NFH","56058",388653,0.246777974182626
2016,"COLEMAN NFH","56060",409389,0.247073077195528
2016,"COLEMAN NFH","56063",415399,0.248423804583064
2016,"COLEMAN NFH","56064",475852,0.249071139766146
2016,"COLEMAN NFH","56068",444123,0.247969594008867
2016,"COLEMAN NFH","56072",433336,0.249210774087544
2016,"COLEMAN NFH","56073",433988,0.248585214337724
2016,"COLEMAN NFH","56077",465684,0.249248417381744
2016,"COLEMAN NFH","56079",451010,0.249222855369061
2016,"COLEMAN NFH","56080",403604,0.249083259828941
2016,"COLEMAN NFH","56081",463711,0.248628995214692
2016,"COLEMAN NFH","56082",393170,0.246666836228603
2016,"COLEMAN NFH","56065",452414,0.249234108581963
2016,"COLEMAN NFH","56066",401631,0.249901028556063
2016,"COLEMAN NFH","56083",444593,0.246119484562285
2016,"COLEMAN NFH","56075",451860,0.247975036515735
2016,"COLEMAN NFH","56084",483217,0.249229642169046
2016,"COLEMAN NFH","56085",447568,0.249224698816716
2015,"COLEMAN NFH","55959",493967,0.248858729429294
2015,"COLEMAN NFH","55956",457610,0.249712637398658
2015,"COLEMAN NFH","55957",382933,0.249424834109361
2015,"COLEMAN NFH","55962",373799,0.249915061303
2001,"COLEMAN NFH","50883",440656,0.176391561671689
2001,"COLEMAN NFH","501040304",50216,0.990003186235463
2001,"COLEMAN NFH","501040202",432673,0.164664769930178
2007,"COLEMAN NFH","54392",367735,0.249413300338559
2007,"COLEMAN NFH","54393",436087,0.249768968118747
2007,"COLEMAN NFH","54394",455683,0.249833766017165
2000,"COLEMAN NFH","50570",438205,0.148289042799603
2000,"COLEMAN NFH","50566",427686,0.150762475273916
2000,"COLEMAN NFH","501030508",429079,0.139536076107197
2000,"COLEMAN NFH","501030509",479476,0.12137625240888
2000,"COLEMAN NFH","501030502",49549,0.899997981795798
2000,"COLEMAN NFH","501030503",436510,0.132633845730911
2007,"COLEMAN NFH","54466",892027,0.249889297072846
2007,"COLEMAN NFH","54467",900466,0.249523024744965
2018,"COLEMAN NFH","56318",89515,0.99499525219237
2018,"COLEMAN NFH","56294",382044,0.248997497670425
2018,"COLEMAN NFH","56307",462409,0.249214440030363
2018,"COLEMAN NFH","56308",489294,0.248586739261058
2018,"COLEMAN NFH","56309",466707,0.248558517442421
2018,"COLEMAN NFH","56310",476647,0.249142447135931
2018,"COLEMAN NFH","56311",463231,0.249251453378552
2018,"COLEMAN NFH","56312",506203,0.248586041568304
2018,"COLEMAN NFH","56314",495633,0.24867593562172
2018,"COLEMAN NFH","56313",414787,0.249139920007136
2018,"COLEMAN NFH","56315",470096,0.248008917327525
2018,"COLEMAN NFH","56316",470878,0.247924090741126
2018,"COLEMAN NFH","56317",456692,0.249255515752411
2018,"COLEMAN NFH","56319",84396,1
2018,"COLEMAN NFH","56320",87932,0.990003639175727
2018,"COLEMAN NFH","56321",88039,0.995002214927475
2006,"COLEMAN NFH","53865",212280,0.196768419069154
2008,"COLEMAN NFH","54881",426439,0.249815331149355
2010,"COLEMAN NFH","55378",454901,0.249913717490179
2010,"COLEMAN NFH","55379",427129,0.249924495878294
2010,"COLEMAN NFH","55380",439864,0.249831766182275
2011,"COLEMAN NFH","55514",337166,0.249856153941975
2000,"COLEMAN NFH","501030602",424553,0.143847764590051
2014,"COLEMAN NFH","55789",437963,0.249831606779568
2014,"COLEMAN NFH","55790",426854,0.249766899220811
2014,"COLEMAN NFH","55791",424244,0.249877429026692
2014,"COLEMAN NFH","55792",412652,0.249910336070103
2014,"COLEMAN NFH","55793",445036,0.249896637575387
2015,"COLEMAN NFH","55952",405739,0.249764010854268
2015,"COLEMAN NFH","52489",49260,0.25
2015,"COLEMAN NFH","55953",416390,0.249823482792574
2015,"COLEMAN NFH","55971",467206,0.249110670667757
2015,"COLEMAN NFH","55972",391253,0.249779554405973
2015,"COLEMAN NFH","55973",466930,0.249793330906132
2015,"COLEMAN NFH","55974",379596,0.249891990431933
2015,"COLEMAN NFH","55970",396580,0.249785667456755
2015,"COLEMAN NFH","55978",468297,0.249843582171144
2015,"COLEMAN NFH","55979",446669,0.249274070956346
2015,"COLEMAN NFH","55976",462620,0.249842203104059
2015,"COLEMAN NFH","55975",442147,0.247336293133279
2015,"COLEMAN NFH","55977",452057,0.249791508592943
2015,"COLEMAN NFH","55960",361668,0.249845161861154
2015,"COLEMAN NFH","55961",446669,0.249869590233484
2015,"COLEMAN NFH","55954",405897,0.24773526288689
2015,"COLEMAN NFH","55955",467583,0.249596328352399
2015,"COLEMAN NFH","55958",429331,0.25089965551055
2015,"COLEMAN NFH","55963",465679,0.249259683172314
2015,"COLEMAN NFH","55964",368987,0.2485588923187
2015,"COLEMAN NFH","55969",479953,0.249230653834855
2015,"COLEMAN NFH","55967",388572,0.249197060004324
2015,"COLEMAN NFH","55968",476605,0.24921685672622
2015,"COLEMAN NFH","55965",464518,0.24987836854546
2015,"COLEMAN NFH","55966",452343,0.249852434988493
2001,"COLEMAN NFH","50884",427070,0.18530451682394
2001,"COLEMAN NFH","50885",377431,0.207346508368417
2001,"COLEMAN NFH","50886",300800,0.261439494680851
2001,"COLEMAN NFH","50887",407388,0.191549579270867
2007,"COLEMAN NFH","54398",438067,0.249493798893777
2007,"COLEMAN NFH","501040906",24722,0.959995146023784
2001,"COLEMAN NFH","501040302",50457,0.995005648373863
2001,"COLEMAN NFH","501040301",50211,0.975005476887535
2001,"COLEMAN NFH","501040209",501885,0.142911224682945
2001,"COLEMAN NFH","501040208",401192,0.183061975313566
2001,"COLEMAN NFH","501040207",401987,0.179172460800971
2001,"COLEMAN NFH","501040206",446824,0.16182210445276
2001,"COLEMAN NFH","501040205",469578,0.152266503115563
2001,"COLEMAN NFH","501040303",50125,0.984997506234414
2001,"COLEMAN NFH","501040201",488264,0.147592286140285
2001,"COLEMAN NFH","501040106",377170,0.188053132539704
2001,"COLEMAN NFH","50875",386940,0.201659171964646
2001,"COLEMAN NFH","50876",451273,0.171483780328094
2001,"COLEMAN NFH","50877",458528,0.170092120873753
2001,"COLEMAN NFH","50878",474788,0.162647328913115
2001,"COLEMAN NFH","50881",436077,0.180926762934069
2001,"COLEMAN NFH","501040105",298980,0.235156197738979
2001,"COLEMAN NFH","501040107",407395,0.180242761938659
2007,"COLEMAN NFH","501040901",23916,0.984989128616826
2007,"COLEMAN NFH","501040902",25549,0.994990019178833
2007,"COLEMAN NFH","501040903",25191,0.979992854590925
2007,"COLEMAN NFH","501040904",25863,0.995012179561536
2007,"COLEMAN NFH","501040907",25205,0.990001983733386
2007,"COLEMAN NFH","501040908",25622,0.969986730153774
2007,"COLEMAN NFH","54391",445018,0.249789896139033
2007,"COLEMAN NFH","54395",437185,0.249887347461601
2007,"COLEMAN NFH","54397",443763,0.246027722004764
2007,"COLEMAN NFH","54469",898670,0.249583273059076
2007,"COLEMAN NFH","54470",895009,0.247209804594144
2000,"COLEMAN NFH","501030603",441087,0.140004126170121
2000,"COLEMAN NFH","501030604",526165,0.11845143633651
2000,"COLEMAN NFH","501030605",427356,0.142969795673864
2000,"COLEMAN NFH","501030606",446455,0.141705211051506
2000,"COLEMAN NFH","501030607",457156,0.139289432928803
2000,"COLEMAN NFH","501030608",460207,0.137472919794788
2000,"COLEMAN NFH","50573",460055,0.139352903457195
2000,"COLEMAN NFH","50568",447606,0.146657998328887
2000,"COLEMAN NFH","50565",446227,0.14383934634166
2000,"COLEMAN NFH","50572",431555,0.151781348843137
2000,"COLEMAN NFH","50571",470437,0.13915359548675
2000,"COLEMAN NFH","50567",427988,0.145805489873548
2000,"COLEMAN NFH","50569",412665,0.158373014430591
2000,"COLEMAN NFH","50498",478248,0.136774225924625
2000,"COLEMAN NFH","50564",436265,0.13483089406668
2000,"COLEMAN NFH","50499",381699,0.162719839454649
2000,"COLEMAN NFH","50497",361874,0.18038046391838
2000,"COLEMAN NFH","501030507",433804,0.136257388129201
2000,"COLEMAN NFH","501030504",446630,0.139484584555449
2000,"COLEMAN NFH","501030505",428584,0.143213465738338
2000,"COLEMAN NFH","501030506",526343,0.11899844778025
2000,"COLEMAN NFH","501030105",50200,0.985
2000,"COLEMAN NFH","501030501",50449,0.919998414240124
2000,"COLEMAN NFH","501021515",50477,0.930007726291182
2013,"COLEMAN NFH","55694",433134,0.249206942886035
2013,"COLEMAN NFH","55695",434973,0.249431573913783
2013,"COLEMAN NFH","55696",455405,0.248148351467375
2013,"COLEMAN NFH","55697",836493,0.249826358379568
2013,"COLEMAN NFH","55698",786566,0.24983663163676
2013,"COLEMAN NFH","55699",862591,0.249829873022093
2013,"COLEMAN NFH","55704",867431,0.249706316698389
2013,"COLEMAN NFH","55705",844549,0.246033089850322
2013,"COLEMAN NFH","55706",859946,0.248426063962156
2013,"COLEMAN NFH","55707",1264617,0.24987565405178
2013,"COLEMAN NFH","55708",1217146,0.249774472413334
2013,"COLEMAN NFH","55709",1639857,0.249826661715015
2014,"COLEMAN NFH","55795",461069,0.249869325415502
2014,"COLEMAN NFH","55796",367099,0.249741895238069
2014,"COLEMAN NFH","55797",411194,0.249201107020044
2014,"COLEMAN NFH","55799",452447,0.249839207686204
2014,"COLEMAN NFH","55804",440001,0.249090342976493
2014,"COLEMAN NFH","55780",424013,0.249192831351869
2006,"COLEMAN NFH","501040807",26153,0.985011279776699
2006,"COLEMAN NFH","53798",212264,0.30194945916406
2006,"COLEMAN NFH","501040804",25951,0.914993641863512
2006,"COLEMAN NFH","501040801",23704,0.960006749915626
2006,"COLEMAN NFH","501040802",24560,1
2006,"COLEMAN NFH","501040803",25930,0.994986502121095
2006,"COLEMAN NFH","501040805",25784,0.955010859447719
2006,"COLEMAN NFH","501040806",25074,0.985004387014437
2006,"COLEMAN NFH","501040808",25436,0.949992137128479
2006,"COLEMAN NFH","53794",5103834,0.250478561802755
2006,"COLEMAN NFH","53795",5686939,0.251925156925369
2006,"COLEMAN NFH","53796",236870,0.273926626419555
2006,"COLEMAN NFH","53797",236870,0.195790940178157
2006,"COLEMAN NFH","53799",212264,0.184713375796178
2006,"COLEMAN NFH","53864",212280,0.304621254946297
2008,"COLEMAN NFH","54887",464199,0.249821735936527
2008,"COLEMAN NFH","54870",504965,0.249809392730189
2008,"COLEMAN NFH","54871",554218,0.248638622347163
2008,"COLEMAN NFH","54872",477904,0.249822140011383
2008,"COLEMAN NFH","54873",519496,0.24987102884334
2008,"COLEMAN NFH","54874",472760,0.249843472374989
2008,"COLEMAN NFH","54875",452278,0.24979990183029
2008,"COLEMAN NFH","54876",423393,0.249779755451791
2008,"COLEMAN NFH","54877",433796,0.249741814124612
2008,"COLEMAN NFH","54878",475025,0.24989421609389
2008,"COLEMAN NFH","54879",432485,0.249213267512168
2008,"COLEMAN NFH","54880",478210,0.249919491436816
2008,"COLEMAN NFH","54882",476361,0.249296227021104
2008,"COLEMAN NFH","54883",435683,0.249867449498833
2008,"COLEMAN NFH","54884",464565,0.249226695941365
2008,"COLEMAN NFH","54885",459239,0.249845940784646
2008,"COLEMAN NFH","54886",438478,0.249253098217014
2008,"COLEMAN NFH","54888",499986,0.249262979363422
2008,"COLEMAN NFH","54889",453635,0.249870490592657
2008,"COLEMAN NFH","54890",436862,0.249898137169175
2008,"COLEMAN NFH","54892",485121,0.249271831151403
2008,"COLEMAN NFH","54893",475990,0.249830878799975
2009,"COLEMAN NFH","55182",347145,0.248605049763067
2009,"COLEMAN NFH","55188",473408,0.248559382181966
2009,"COLEMAN NFH","55195",462114,0.243864068173654
2009,"COLEMAN NFH","55223",407092,0.249847700274139
2009,"COLEMAN NFH","55196",422181,0.249276968883015
2009,"COLEMAN NFH","55198",415861,0.249891189604219
2009,"COLEMAN NFH","55193",471077,0.249895452335818
2009,"COLEMAN NFH","55179",388093,0.247298972153582
2009,"COLEMAN NFH","55180",353678,0.249201250855298
2009,"COLEMAN NFH","55181",382172,0.248597490135332
2009,"COLEMAN NFH","55183",466477,0.249296321147666
2009,"COLEMAN NFH","55184",461099,0.24743276389669
2009,"COLEMAN NFH","55185",433641,0.249950996331066
2009,"COLEMAN NFH","55186",423325,0.249912006141853
2009,"COLEMAN NFH","55187",475732,0.249274801779153
2009,"COLEMAN NFH","55189",449982,0.249876661733136
2009,"COLEMAN NFH","55190",404139,0.24662801659825
2009,"COLEMAN NFH","55191",417332,0.249875398962936
2009,"COLEMAN NFH","55192",467369,0.249909600337207
2009,"COLEMAN NFH","55194",447684,0.249260639200865
2009,"COLEMAN NFH","55197",430756,0.249832852009026
2009,"COLEMAN NFH","55199",399738,0.249310798573065
2009,"COLEMAN NFH","55221",440293,0.248657144219872
2009,"COLEMAN NFH","55222",443647,0.248095896061508
2009,"COLEMAN NFH","55224",379733,0.248603624125372
2009,"COLEMAN NFH","55225",362881,0.249938685133694
2009,"COLEMAN NFH","55226",359462,0.2492558323272
2009,"COLEMAN NFH","55227",183350,0.246664848650123
2010,"COLEMAN NFH","55384",478005,0.249861403123398
2010,"COLEMAN NFH","55369",431483,0.249187105865121
2010,"COLEMAN NFH","55370",460230,0.249746865697586
2010,"COLEMAN NFH","55371",408600,0.24982868330886
2010,"COLEMAN NFH","55372",431656,0.249835517171081
2010,"COLEMAN NFH","55373",466683,0.249889111023971
2010,"COLEMAN NFH","55374",457155,0.248499961719767
2010,"COLEMAN NFH","55375",465542,0.24991515266077
2010,"COLEMAN NFH","55376",448682,0.249836186876229
2010,"COLEMAN NFH","55377",461775,0.24880298846841
2010,"COLEMAN NFH","55381",461809,0.246721047012943
2010,"COLEMAN NFH","55382",414776,0.247984454259649
2010,"COLEMAN NFH","55383",407778,0.249930109029913
2010,"COLEMAN NFH","55385",464572,0.249905289169386
2010,"COLEMAN NFH","55386",465878,0.249771399379237
2010,"COLEMAN NFH","55387",436507,0.249824172350043
2010,"COLEMAN NFH","55388",447841,0.249834204550276
2010,"COLEMAN NFH","55389",482880,0.249140573227303
2010,"COLEMAN NFH","55390",478147,0.24861391998695
2010,"COLEMAN NFH","55392",457438,0.249839322487419
2010,"COLEMAN NFH","55393",480817,0.248133905415158
2010,"COLEMAN NFH","55394",440713,0.249829253958926
2010,"COLEMAN NFH","55395",491646,0.249887113899025
2010,"COLEMAN NFH","55396",470726,0.249916087065512
2010,"COLEMAN NFH","55391",476158,0.249896042910126
2011,"COLEMAN NFH","55505",461002,0.249857918186906
2011,"COLEMAN NFH","55506",404833,0.249762247642855
2011,"COLEMAN NFH","55495",484804,0.248791264098481
2011,"COLEMAN NFH","55521",442422,0.249863252731555
2011,"COLEMAN NFH","55507",449103,0.249907036915808
2011,"COLEMAN NFH","55525",466197,0.249877197836966
2011,"COLEMAN NFH","55496",447972,0.24877447697624
2011,"COLEMAN NFH","55497",429609,0.248786687429733
2011,"COLEMAN NFH","55498",475844,0.248745387143686
2011,"COLEMAN NFH","55499",474258,0.248780199806856
2011,"COLEMAN NFH","55504",436650,0.24984312378335
2011,"COLEMAN NFH","55508",471162,0.248778551750778
2011,"COLEMAN NFH","55509",421217,0.24860582550087
2011,"COLEMAN NFH","55510",482783,0.248772222717038
2011,"COLEMAN NFH","55511",431489,0.248775750946142
2011,"COLEMAN NFH","55512",421846,0.248815918605368
2011,"COLEMAN NFH","55513",468128,0.247780521566751
2011,"COLEMAN NFH","55515",469534,0.247730728765116
2011,"COLEMAN NFH","55516",377116,0.247738096500811
2011,"COLEMAN NFH","55517",455678,0.248554900609641
2011,"COLEMAN NFH","55518",386562,0.249884882632023
2011,"COLEMAN NFH","55519",478885,0.249922215145599
2011,"COLEMAN NFH","55520",444565,0.249891466939593
2011,"COLEMAN NFH","55522",473996,0.249898733322644
2011,"COLEMAN NFH","55523",505862,0.249878425341299
2011,"COLEMAN NFH","55524",479604,0.249891577217871
2011,"COLEMAN NFH","55526",429874,0.24991276513583
2016,"FEATHER R HATCHERY","601020809",2700,1
2016,"FEATHER R HATCHERY","601020901",4969,1
2013,"FEATHER R HATCHERY","60572",100092,0.992626783359309
2011,"FEATHER R HATCHERY","60429",241420,0.997792229309916
2013,"FEATHER R HATCHERY","60565",1584730,0.244946457756211
2011,"FEATHER R HATCHERY","60394",1584392,0.24928553034855
2013,"FEATHER R HATCHERY","60566",1550124,0.244660427165827
2017,"FEATHER R HATCHERY","61457",333480,0.247166246851385
2020,"FEATHER R HATCHERY","62294",334823,0.247402358858262
2017,"FEATHER R HATCHERY","61458",337736,0.249363408105739
2020,"FEATHER R HATCHERY","62295",343744,0.248737432507913
2020,"FEATHER R HATCHERY","62296",343399,0.247793383207289
2017,"FEATHER R HATCHERY","60456",141660,0.249251729493153
2018,"FEATHER R HATCHERY","61992",333088,0.248291742722644
2011,"FEATHER R HATCHERY","60392",1563750,0.249080735411671
2020,"FEATHER R HATCHERY","62297",345617,0.248413706501706
2020,"FEATHER R HATCHERY","62343",981529,0.24623622939312
2020,"FEATHER R HATCHERY","62344",1018437,0.242957590896639
2011,"FEATHER R HATCHERY","60393",1569100,0.249201453062265
2011,"FEATHER R HATCHERY","60391",1544150,0.248486869798918
2017,"FEATHER R HATCHERY","60653",4008430,0.249231245150845
2011,"FEATHER R HATCHERY","69502",100232,0.996697661425493
2017,"FEATHER R HATCHERY","61462",333200,0.249186674669868
2017,"FEATHER R HATCHERY","61456",336630,0.249071681074176
2011,"FEATHER R HATCHERY","68735",16735,0.996713474753511
2017,"FEATHER R HATCHERY","68676",328540,0.242938454982651
2017,"FEATHER R HATCHERY","61459",336600,0.248401663695781
2020,"FEATHER R HATCHERY","62371",67861,0.248434299524027
2020,"FEATHER R HATCHERY","62299",341988,0.248225083921073
2017,"FEATHER R HATCHERY","61460",316949,0.248308087421005
2017,"FEATHER R HATCHERY","61461",331760,0.25103387991319
2012,"FEATHER R HATCHERY","608000807",10080,1
2020,"FEATHER R HATCHERY","62340",344168,0.249558355221868
2013,"FEATHER R HATCHERY","60446",4536,0.958994708994709
2017,"FEATHER R HATCHERY","61463",334093,0.2485924577887
2020,"FEATHER R HATCHERY","62341",345676,0.248084911882804
2013,"FEATHER R HATCHERY","60452",31381,0.958860456964405
2020,"FEATHER R HATCHERY","62342",345966,0.248917523687299
2017,"FEATHER R HATCHERY","61464",337550,0.244319360094801
2016,"FEATHER R HATCHERY","60975",528912,0.249330701515564
2020,"FEATHER R HATCHERY","62298",343188,0.2465529097754
2020,"FEATHER R HATCHERY","62376",122063,0.248625709674512
2015,"FEATHER R HATCHERY","60737",1015693,0.245518084696852
2020,"FEATHER R HATCHERY","62345",1047122,0.246848982258037
1994,"FEATHER R HATCHERY","63820",40942,1
2015,"FEATHER R HATCHERY","601020904",47310,1
2015,"FEATHER R HATCHERY","601020905",47661,1
1995,"FEATHER R HATCHERY","62553",51749,1
2016,"FEATHER R HATCHERY","60967",509119,0.997772622903486
2016,"FEATHER R HATCHERY","60976",520273,0.251608290262997
2016,"FEATHER R HATCHERY","60977",530780,0.248195109084743
1998,"FEATHER R HATCHERY","601060801",28125,1
2017,"FEATHER R HATCHERY","60655",1997208,0.249133790771918
2018,"FEATHER R HATCHERY","61980",1001140,0.248019258045828
2018,"FEATHER R HATCHERY","61986",332987,0.245595173385147
2016,"FEATHER R HATCHERY","60968",257264,0.986659618135456
1995,"FEATHER R HATCHERY","62537",33249,1
2016,"FEATHER R HATCHERY","60792",173397,0.249323806063542
2016,"FEATHER R HATCHERY","60969",263842,0.986658682090039
2016,"FEATHER R HATCHERY","60970",1017308,0.232726961746099
2016,"FEATHER R HATCHERY","60972",862500,0.28
1995,"FEATHER R HATCHERY","62536",35593,1
1995,"FEATHER R HATCHERY","62540",12404,1
1993,"FEATHER R HATCHERY","63817",28288,1
2016,"FEATHER R HATCHERY","60935",121858,0.249716883585813
2016,"FEATHER R HATCHERY","60938",204889,0.249198346421721
2011,"FEATHER R HATCHERY","68685",99170,0.997751336089543
2001,"FEATHER R HATCHERY","62090",491650,0.536495474422862
2001,"FEATHER R HATCHERY","62091",492750,0.537266362252664
2001,"FEATHER R HATCHERY","601070004",24173,0.989616514292806
2018,"FEATHER R HATCHERY","61979",1002130,0.248279165377745
2018,"FEATHER R HATCHERY","61978",997487,0.247806738333432
2018,"FEATHER R HATCHERY","61988",332687,0.245507038146967
2018,"FEATHER R HATCHERY","61982",332380,0.232793790240087
2018,"FEATHER R HATCHERY","61983",328789,0.24243207649891
2018,"FEATHER R HATCHERY","61984",333834,0.241787834672322
2018,"FEATHER R HATCHERY","61985",330286,0.247394682184531
2018,"FEATHER R HATCHERY","61993",214490,0.248804140053149
2018,"FEATHER R HATCHERY","61991",325142,0.24749186509279
2018,"FEATHER R HATCHERY","61990",332923,0.245299964255999
2018,"FEATHER R HATCHERY","61989",333520,0.246297073638762
2018,"FEATHER R HATCHERY","61981",334378,0.248293847083241
2001,"FEATHER R HATCHERY","601070005",26014,0.989620973322057
2001,"FEATHER R HATCHERY","601070006",26941,0.979176719498163
2001,"FEATHER R HATCHERY","601070007",25089,0.979154211008809
2001,"FEATHER R HATCHERY","601070600",9888,0.977346278317152
2001,"FEATHER R HATCHERY","601070601",10615,0.977390485162506
2001,"FEATHER R HATCHERY","601070602",10067,0.977351743319758
2001,"FEATHER R HATCHERY","601070603",11089,0.977364956262963
2001,"FEATHER R HATCHERY","601070604",9144,0.977362204724409
2001,"FEATHER R HATCHERY","601070605",9700,0.995051546391753
2001,"FEATHER R HATCHERY","601070606",10478,0.995037220843672
2001,"FEATHER R HATCHERY","601070607",10441,0.995019634134661
2001,"FEATHER R HATCHERY","601070608",11248,0.9950213371266
2001,"FEATHER R HATCHERY","601070609",8795,0.994997157475839
2001,"FEATHER R HATCHERY","601070700",26721,0.976909546798398
2001,"FEATHER R HATCHERY","601070701",26334,0.976987924356345
2001,"FEATHER R HATCHERY","601070702",26169,0.972983300852153
2001,"FEATHER R HATCHERY","601070703",25977,0.973014589829465
2001,"FEATHER R HATCHERY","601070704",25459,0.948112651714521
2001,"FEATHER R HATCHERY","601070705",25650,0.948109161793372
2018,"FEATHER R HATCHERY","61987",330745,0.24784955176949
1998,"FEATHER R HATCHERY","601060711",25000,1
2001,"FEATHER R HATCHERY","62695",45104,0.988005498403689
2001,"FEATHER R HATCHERY","62696",45471,0.985001429482527
2001,"FEATHER R HATCHERY","62699",44912,0.974995546847168
2001,"FEATHER R HATCHERY","62724",23470,0.974989348103963
2001,"FEATHER R HATCHERY","62725",23011,0.975011950806136
2001,"FEATHER R HATCHERY","62735",110175,0.970002269117313
2001,"FEATHER R HATCHERY","62736",109625,0.96999771949829
2001,"FEATHER R HATCHERY","62737",111201,0.965351031015908
2001,"FEATHER R HATCHERY","62738",109549,0.965348839332171
1998,"FEATHER R HATCHERY","601060710",26680,1
1999,"FEATHER R HATCHERY","601061104",105711,0.954498585766855
1999,"FEATHER R HATCHERY","601061108",0,NA
1998,"FEATHER R HATCHERY","601060709",26262,1
1998,"FEATHER R HATCHERY","601060802",26666,1
1998,"FEATHER R HATCHERY","601060804",25886,1
1995,"FEATHER R HATCHERY","62534",34078,1
1993,"FEATHER R HATCHERY","63815",54467,1
2000,"FEATHER R HATCHERY","601061206",26718,0.976008683284677
2000,"FEATHER R HATCHERY","601061207",26310,0.976016723679209
2000,"FEATHER R HATCHERY","601061208",26926,0.976008319096784
2000,"FEATHER R HATCHERY","601061209",26585,0.976001504607862
2000,"FEATHER R HATCHERY","601061210",27707,0.975998845057206
2000,"FEATHER R HATCHERY","601061211",26203,0.975995115063161
2000,"FEATHER R HATCHERY","601070205",9554,0.957609378270881
2000,"FEATHER R HATCHERY","601070206",9928,0.9575946817083
2000,"FEATHER R HATCHERY","601070203",9902,0.962027873156938
2000,"FEATHER R HATCHERY","601070204",9528,0.9620067170445
2000,"FEATHER R HATCHERY","601070207",9929,0.957598952563199
2000,"FEATHER R HATCHERY","601070208",9773,0.957638391486749
2000,"FEATHER R HATCHERY","601070209",9399,0.957548675390999
2000,"FEATHER R HATCHERY","601070300",10397,0.984995671828412
2000,"FEATHER R HATCHERY","601070301",10066,0.984999006556726
2000,"FEATHER R HATCHERY","601070302",9955,0.9850326469111
2000,"FEATHER R HATCHERY","601061212",26090,0.976006132617861
2000,"FEATHER R HATCHERY","601061213",27583,0.975999709966284
2000,"FEATHER R HATCHERY","601070000",25315,0.970017776022121
2000,"FEATHER R HATCHERY","601070001",22602,0.970002654632333
2000,"FEATHER R HATCHERY","601070002",25131,0.925987823803271
2000,"FEATHER R HATCHERY","601070003",24751,0.925982788574199
2000,"FEATHER R HATCHERY","601070303",9890,0.985338725985844
2000,"FEATHER R HATCHERY","601070304",9689,0.985034575291568
2000,"FEATHER R HATCHERY","601070305",10494,0.969982847341338
2000,"FEATHER R HATCHERY","601070306",9417,0.969947966443666
2000,"FEATHER R HATCHERY","601070307",10455,0.969966523194644
2000,"FEATHER R HATCHERY","601070308",9197,0.969990214200283
2000,"FEATHER R HATCHERY","601070309",10190,0.969970559371933
2000,"FEATHER R HATCHERY","601070200",9791,0.962005923807578
2000,"FEATHER R HATCHERY","601070201",10116,0.962040332147094
2000,"FEATHER R HATCHERY","601070202",9821,0.962020160879748
1977,"FEATHER R HATCHERY","66203",182949,0.900611645868521
1999,"FEATHER R HATCHERY","53829",24362,0.967982924226254
1999,"FEATHER R HATCHERY","62661",0,NA
2000,"FEATHER R HATCHERY","62669",34276,0.935990197222546
2000,"FEATHER R HATCHERY","62670",33530,0.935997614076946
2000,"FEATHER R HATCHERY","62671",33734,0.93599928855161
2000,"FEATHER R HATCHERY","62672",44875,0.936
2000,"FEATHER R HATCHERY","62673",49831,0.936003692480584
2000,"FEATHER R HATCHERY","62674",50608,0.935998261144483
2000,"FEATHER R HATCHERY","62675",45624,0.935998597229528
2000,"FEATHER R HATCHERY","62676",47031,0.935999659798856
2000,"FEATHER R HATCHERY","62664",921503,0.219311277337133
2000,"FEATHER R HATCHERY","62665",861917,0.164985723683371
1997,"FEATHER R HATCHERY","601060504",16040,0.991832917705736
1989,"FEATHER R HATCHERY","63119",54063,0.927492000073988
1984,"FEATHER R HATCHERY","66240",12264,0.887720156555773
1987,"FEATHER R HATCHERY","66260",53843,0.963987890719314
1982,"FEATHER R HATCHERY","66224",102660,0.942002727449834
1987,"FEATHER R HATCHERY","66259",57051,0.963997125379047
1986,"FEATHER R HATCHERY","66257",52678,0.984016097801739
1988,"FEATHER R HATCHERY","601140103",54267,0.974938728877587
2013,"FEATHER R HATCHERY","60448",11791,1
2013,"FEATHER R HATCHERY","60524",101098,0.994717996399533
2013,"FEATHER R HATCHERY","60525",100227,1
2013,"FEATHER R HATCHERY","60564",2118500,0.249693179136181
2013,"FEATHER R HATCHERY","60568",100654,0.958859061736245
1987,"FEATHER R HATCHERY","B61404",54329,0.943768521415818
1984,"FEATHER R HATCHERY","66238",54841,0.992997939497821
1987,"FEATHER R HATCHERY","B61403",58442,0.955836555901578
1986,"FEATHER R HATCHERY","66254",54033,0.935002683545241
1982,"FEATHER R HATCHERY","H60403",51054,0.949994123868845
1988,"FEATHER R HATCHERY","63108",52828,0.958942227606572
1985,"FEATHER R HATCHERY","66251",52511,0.913998971644037
1998,"FEATHER R HATCHERY","52326",25913,0.98699494462239
1998,"FEATHER R HATCHERY","52327",25854,0.987003945230912
1984,"FEATHER R HATCHERY","66245",53159,0.905641565868432
1983,"FEATHER R HATCHERY","66237",24850,0.948008048289738
1979,"FEATHER R HATCHERY","66212",81900,0.97
1982,"FEATHER R HATCHERY","66230",49010,0.885003060599878
1987,"FEATHER R HATCHERY","B61408",55554,0.994797854339922
1977,"FEATHER R HATCHERY","65813",102820,0.943396226415094
1988,"FEATHER R HATCHERY","63109",52284,0.989977813480223
1978,"FEATHER R HATCHERY","65816",94475,0.815199788303784
1980,"FEATHER R HATCHERY","66215",83875,0.933997019374069
1987,"FEATHER R HATCHERY","63104",54808,0.988012698876076
1978,"FEATHER R HATCHERY","66206",132146,0.833335855795862
1988,"FEATHER R HATCHERY","601140104",50715,0.952952775313024
1996,"FEATHER R HATCHERY","601060301",27385,0.868066459740734
1981,"FEATHER R HATCHERY","66222",69550,0.909000718907261
1996,"FEATHER R HATCHERY","601060215",28530,0.868068699614441
1983,"FEATHER R HATCHERY","66231",19250,0.958025974025974
1979,"FEATHER R HATCHERY","66209",93075,0.952994896588772
1986,"FEATHER R HATCHERY","66253",53071,0.938007574758343
1997,"FEATHER R HATCHERY","601060503",15460,0.991849935316947
1988,"FEATHER R HATCHERY","601110112",29353,0.98994991994004
1994,"FEATHER R HATCHERY","601140413",51869,0.978985521216912
1996,"FEATHER R HATCHERY","601060207",27265,0.910031175499725
1993,"FEATHER R HATCHERY","601140403",54108,0.936811562061063
1988,"FEATHER R HATCHERY","601110110",29267,0.980899989749547
1975,"FEATHER R HATCHERY","60108",86270,0.980004636606004
1976,"FEATHER R HATCHERY","65810",73752,0.969994034060093
1979,"FEATHER R HATCHERY","66210",92108,0.961002301645894
1982,"FEATHER R HATCHERY","H60402",50337,0.943997457138884
1998,"FEATHER R HATCHERY","601060403",51518,0.965002523389883
1982,"FEATHER R HATCHERY","H60303",49520,0.924373990306947
1984,"FEATHER R HATCHERY","66239",16594,0.887730505001808
1987,"FEATHER R HATCHERY","B61405",54257,0.943767624453988
1988,"FEATHER R HATCHERY","65805",48041,0.787098520014155
1988,"FEATHER R HATCHERY","63111",51572,0.993000077561467
1982,"FEATHER R HATCHERY","H60304",51585,0.940990598042067
1985,"FEATHER R HATCHERY","66243",105065,0.940998429543616
1983,"FEATHER R HATCHERY","66227",66600,0.94
1987,"FEATHER R HATCHERY","66250",105973,0.942004095382786
1987,"FEATHER R HATCHERY","B61402",53762,0.955842416576764
1986,"FEATHER R HATCHERY","66256",51341,0.956019555520929
1984,"FEATHER R HATCHERY","66241",23147,0.887847237222966
1999,"FEATHER R HATCHERY","601061006",27537,0.960017431092712
1998,"FEATHER R HATCHERY","601060404",52709,0.96499649016297
1982,"FEATHER R HATCHERY","66223",100100,0.926003996003996
1999,"FEATHER R HATCHERY","501020809",26972,0.994994809432004
1989,"FEATHER R HATCHERY","601140109",53607,0.987967989255135
1995,"FEATHER R HATCHERY","601060113",51069,0.979870371458223
1996,"FEATHER R HATCHERY","601060208",27526,0.910012351958149
1988,"FEATHER R HATCHERY","601110109",28061,0.980898756280959
1990,"FEATHER R HATCHERY","601140206",53864,0.967974899747512
1988,"FEATHER R HATCHERY","601110111",28039,0.989978244587895
1990,"FEATHER R HATCHERY","63128",51260,0.959500585251658
1995,"FEATHER R HATCHERY","601060109",51336,0.989948574100047
1993,"FEATHER R HATCHERY","601140408",55708,0.965929489480865
1998,"FEATHER R HATCHERY","601060910",51511,0.994001281279727
1997,"FEATHER R HATCHERY","601060513",38960,0.969994866529774
1999,"FEATHER R HATCHERY","62657",104736,0.985000381912618
1999,"FEATHER R HATCHERY","601061105",104242,0.970002494196197
1984,"FEATHER R HATCHERY","65858",25557,0.951011464569394
1980,"FEATHER R HATCHERY","65822",44400,0.897995495495496
1981,"FEATHER R HATCHERY","65834",51400,0.992003891050584
1984,"FEATHER R HATCHERY","65856",25041,0.896170280739587
1980,"FEATHER R HATCHERY","65824",50497,0.895162088836961
1983,"FEATHER R HATCHERY","65847",42750,0.94
1982,"FEATHER R HATCHERY","65844",42704,0.931997002622705
1979,"FEATHER R HATCHERY","66207",91255,0.968001753328585
1980,"FEATHER R HATCHERY","66213",103000,0.946
1980,"FEATHER R HATCHERY","65827",1082730,0.0281409030875657
1979,"FEATHER R HATCHERY","65819",1050003,0.040075123594885
1981,"FEATHER R HATCHERY","65833",25160,0.948966613672496
1978,"FEATHER R HATCHERY","66204",217234,0.833331798889677
1980,"FEATHER R HATCHERY","66216",89600,0.908404017857143
1993,"FEATHER R HATCHERY","601060102",106034,0.946649187996303
1993,"FEATHER R HATCHERY","601060101",106224,0.974902093688809
1977,"FEATHER R HATCHERY","66201",190995,0.937186837351763
1973,"FEATHER R HATCHERY","60103",176234,0.880000453941918
1975,"FEATHER R HATCHERY","60302",96723,0.950001550820384
1972,"FEATHER R HATCHERY","60102",200594,0.880001395854313
1972,"FEATHER R HATCHERY","60101",224764,0.879998576284458
1974,"FEATHER R HATCHERY","60105",101821,0.919996857229844
1998,"FEATHER R HATCHERY","501020802",27531,0.994987468671679
1991,"FEATHER R HATCHERY","601140302",53213,0.984233176103584
1999,"FEATHER R HATCHERY","601061110",19844,0.990979641201371
1993,"FEATHER R HATCHERY","601140402",53410,0.963958060288336
1992,"FEATHER R HATCHERY","601140310",55124,0.958874537406574
1999,"FEATHER R HATCHERY","601061109",19648,0.990991449511401
1991,"FEATHER R HATCHERY","601140210",53187,0.974787072028879
1993,"FEATHER R HATCHERY","601140407",53138,0.945368662727239
1998,"FEATHER R HATCHERY","501020713",26492,0.990789672353918
1992,"FEATHER R HATCHERY","63136",54171,0.951800779014602
1991,"FEATHER R HATCHERY","63130",53158,0.976598066142443
1998,"FEATHER R HATCHERY","501020712",26596,0.989998496014438
1998,"FEATHER R HATCHERY","501020801",22690,0.995019832525342
1999,"FEATHER R HATCHERY","501020803",25047,0.980995728031301
1999,"FEATHER R HATCHERY","501020804",25742,0.981003807008002
1998,"FEATHER R HATCHERY","601060908",50989,1
1997,"FEATHER R HATCHERY","601060514",39295,0.969996182720448
1998,"FEATHER R HATCHERY","601060907",53987,1
1998,"FEATHER R HATCHERY","601060909",51111,0.993993465203185
1982,"FEATHER R HATCHERY","65841",42050,0.94499405469679
1982,"FEATHER R HATCHERY","H60401",50178,0.943979433217745
1998,"FEATHER R HATCHERY","501020709",26040,0.984984639016897
1999,"FEATHER R HATCHERY","601061004",24651,0.975984747069084
1998,"FEATHER R HATCHERY","501020711",25097,0.985018129656931
1998,"FEATHER R HATCHERY","501020710",28369,0.984983608868836
1999,"FEATHER R HATCHERY","601060913",26112,0.974992340686274
1997,"FEATHER R HATCHERY","601060511",21832,0.976181751557347
1998,"FEATHER R HATCHERY","501020708",25801,0.985000581372815
1982,"FEATHER R HATCHERY","H60305",50230,0.914991041210432
1990,"FEATHER R HATCHERY","601140205",54407,0.869171246346977
1990,"FEATHER R HATCHERY","63127",51784,0.882627838714661
1999,"FEATHER R HATCHERY","601060912",28219,0.975016832630497
1997,"FEATHER R HATCHERY","601060512",23414,0.976168104552832
1999,"FEATHER R HATCHERY","601061003",26949,0.975991688003265
1989,"FEATHER R HATCHERY","601140113",54006,0.964226197089212
1992,"FEATHER R HATCHERY","601140306",53499,0.9348959793641
1994,"FEATHER R HATCHERY","63148",53342,0.964005849049529
1996,"FEATHER R HATCHERY","601060302",26784,0.884893966547192
1994,"FEATHER R HATCHERY","601140504",53444,0.967405134346232
1994,"FEATHER R HATCHERY","601140501",51886,0.980013876575569
1992,"FEATHER R HATCHERY","63135",52729,0.984979802385784
1989,"FEATHER R HATCHERY","601140112",54334,0.948227629108845
1991,"FEATHER R HATCHERY","63134",54036,0.979550669923755
1996,"FEATHER R HATCHERY","601060303",28334,0.884908590386109
1992,"FEATHER R HATCHERY","63138",54357,0.967971006494104
1995,"FEATHER R HATCHERY","601060114",51620,0.949709414955444
1993,"FEATHER R HATCHERY","601140404",55448,0.914839128552878
1995,"FEATHER R HATCHERY","601060115",52780,0.979878741947707
1991,"FEATHER R HATCHERY","63132",52164,0.92889732382486
1995,"FEATHER R HATCHERY","601060205",51744,0.95071892393321
1994,"FEATHER R HATCHERY","63150",52719,0.991995295813654
1989,"FEATHER R HATCHERY","601140105",54545,0.977413145109543
1989,"FEATHER R HATCHERY","601140106",53641,0.987192632501258
1994,"FEATHER R HATCHERY","63151",52689,0.953994192336161
1991,"FEATHER R HATCHERY","601140215",51830,0.963688983214355
1993,"FEATHER R HATCHERY","63143",54537,0.987953132735574
1991,"FEATHER R HATCHERY","601140304",52628,0.977521471460059
1993,"FEATHER R HATCHERY","63141",53121,0.971969654185727
1991,"FEATHER R HATCHERY","63131",54363,0.942957526258669
1991,"FEATHER R HATCHERY","601140214",55644,0.966034073754583
1993,"FEATHER R HATCHERY","601140315",53665,0.951905338675114
1991,"FEATHER R HATCHERY","601140212",72798,0.742781395093272
1991,"FEATHER R HATCHERY","601140213",54087,0.980457411207869
1995,"FEATHER R HATCHERY","601060201",52570,0.959901084268594
1994,"FEATHER R HATCHERY","601140414",51511,0.972996059094174
1992,"FEATHER R HATCHERY","63133",53880,0.973533778767632
1991,"FEATHER R HATCHERY","601140303",53997,0.98698075819027
1992,"FEATHER R HATCHERY","601140312",56650,0.983971756398941
1984,"FEATHER R HATCHERY","65862",59178,0.403426949204096
1982,"FEATHER R HATCHERY","65845",47996,0.957996499708309
1980,"FEATHER R HATCHERY","65825",47576,0.905982007734992
1981,"FEATHER R HATCHERY","65835",25002,0.996000319974402
1984,"FEATHER R HATCHERY","65857",25729,0.946364025030122
1982,"FEATHER R HATCHERY","65838",48598,0.976994938063295
1979,"FEATHER R HATCHERY","65817",93238,0.833351208734636
1990,"FEATHER R HATCHERY","63125",52008,0.949719273957853
1990,"FEATHER R HATCHERY","601140202",54484,0.884901989574921
1990,"FEATHER R HATCHERY","63126",54243,0.929649908743985
1990,"FEATHER R HATCHERY","601140201",53505,0.955574245397626
1997,"FEATHER R HATCHERY","601060615",41225,0.986949666464524
1997,"FEATHER R HATCHERY","601060614",43525,0.987639287765652
1998,"FEATHER R HATCHERY","62635",51921,0.980008089212457
1994,"FEATHER R HATCHERY","62531",56343,0.985002573522887
1994,"FEATHER R HATCHERY","601140415",58872,0.978274901481179
1998,"FEATHER R HATCHERY","62631",51915,0.980005778676683
1994,"FEATHER R HATCHERY","62530",55742,0.985002332173227
1992,"FEATHER R HATCHERY","601141104",26429,0.979946271141549
1990,"FEATHER R HATCHERY","601140203",55674,0.86674210583037
1982,"FEATHER R HATCHERY","65839",49301,0.959006916695402
1984,"FEATHER R HATCHERY","65859",25191,0.922988368861895
1981,"FEATHER R HATCHERY","65831",48750,0.952
1982,"FEATHER R HATCHERY","65843",38982,0.961982453440049
1982,"FEATHER R HATCHERY","65842",44000,0.949
1980,"FEATHER R HATCHERY","65821",46271,0.905902184953859
1981,"FEATHER R HATCHERY","65829",30800,0.901980519480519
1980,"FEATHER R HATCHERY","65826",48100,0.910602910602911
1981,"FEATHER R HATCHERY","65832",47100,0.953991507430998
1998,"FEATHER R HATCHERY","62636",51971,0.980008081430028
1994,"FEATHER R HATCHERY","601140411",35193,0.977012474071548
1998,"FEATHER R HATCHERY","62634",51967,0.980006542613582
1998,"FEATHER R HATCHERY","62633",53024,0.980009052504526
1998,"FEATHER R HATCHERY","62637",50143,0.979997207985162
1994,"FEATHER R HATCHERY","601140410",58312,0.977003018246673
1998,"FEATHER R HATCHERY","62638",51864,0.980005398735153
1994,"FEATHER R HATCHERY","62533",32710,0.984989299908285
1994,"FEATHER R HATCHERY","62532",57018,0.984987197025501
1994,"FEATHER R HATCHERY","601140409",57981,0.97699246304824
1998,"FEATHER R HATCHERY","62632",51932,0.979993067857968
1992,"FEATHER R HATCHERY","63137",52491,0.946809929321217
1987,"FEATHER R HATCHERY","66263",54397,0.991984852105815
1988,"FEATHER R HATCHERY","601140102",52665,0.970929459793031
1987,"FEATHER R HATCHERY","63103",54159,0.995993279048727
1983,"FEATHER R HATCHERY","66229",46015,0.973986743453222
1989,"FEATHER R HATCHERY","63122",52698,0.96468556681468
1991,"FEATHER R HATCHERY","63129",53695,0.988900270043766
1982,"FEATHER R HATCHERY","65837",36004,0.961004332851905
1981,"FEATHER R HATCHERY","65830",27675,0.949990966576332
1980,"FEATHER R HATCHERY","65823",9450,0.937989417989418
1992,"FEATHER R HATCHERY","601141103",28630,0.979951100244499
1980,"FEATHER R HATCHERY","66214",75400,0.954005305039788
1990,"FEATHER R HATCHERY","601140204",54956,0.861543780478929
1998,"FEATHER R HATCHERY","501020707",25971,0.986985483808864
1997,"FEATHER R HATCHERY","601060508",21689,0.993867859283508
1997,"FEATHER R HATCHERY","601060509",17940,0.99386845039019
1981,"FEATHER R HATCHERY","66221",69750,0.872
1977,"FEATHER R HATCHERY","66202",182322,0.889925516394072
1979,"FEATHER R HATCHERY","66208",102480,0.962002341920375
1978,"FEATHER R HATCHERY","66205",192181,0.833334200571336
1980,"FEATHER R HATCHERY","66217",79500,0.859345911949686
1979,"FEATHER R HATCHERY","66211",89950,0.941000555864369
1981,"FEATHER R HATCHERY","66220",99750,0.861002506265664
1994,"FEATHER R HATCHERY","62929",52540,0.962999619337648
1982,"FEATHER R HATCHERY","H60307",51902,0.935994759354167
1982,"FEATHER R HATCHERY","66226",1e+05,0.895
1982,"FEATHER R HATCHERY","H60306",50775,0.938985721319547
1992,"FEATHER R HATCHERY","63140",53097,0.943857468406878
1994,"FEATHER R HATCHERY","601060106",52846,0.977008666691897
1995,"FEATHER R HATCHERY","601140604",51401,0.979961479348651
1994,"FEATHER R HATCHERY","62527",54321,0.983008412952633
1994,"FEATHER R HATCHERY","62528",54411,0.982999761077723
1994,"FEATHER R HATCHERY","601060104",55582,0.977006944694325
1995,"FEATHER R HATCHERY","601140602",52665,0.979967720497484
1994,"FEATHER R HATCHERY","601060105",53627,0.977007850523057
1995,"FEATHER R HATCHERY","601140601",51931,0.979954169956288
1994,"FEATHER R HATCHERY","62526",53153,0.982992493368201
1994,"FEATHER R HATCHERY","62529",43261,0.983010101477081
1994,"FEATHER R HATCHERY","601060107",39544,0.97701294760267
1995,"FEATHER R HATCHERY","601140603",52349,0.97996141282546
1992,"FEATHER R HATCHERY","63803",27134,1
1997,"FEATHER R HATCHERY","601060507",21511,0.993910092510808
1998,"FEATHER R HATCHERY","52417",26573,0.984984758965868
1999,"FEATHER R HATCHERY","62656",25264,0.989985750474984
1998,"FEATHER R HATCHERY","52325",26108,0.994982380879424
1998,"FEATHER R HATCHERY","52324",25824,0.995004646840149
1999,"FEATHER R HATCHERY","62654",20821,0.990010085970895
1994,"FEATHER R HATCHERY","601140503",51318,0.980007015082427
1996,"FEATHER R HATCHERY","601060213",26877,0.961007552926294
1990,"FEATHER R HATCHERY","601140208",52458,0.977391436959091
1987,"FEATHER R HATCHERY","B61406",52590,0.969861190340369
1992,"FEATHER R HATCHERY","63139",51817,0.960804369222456
1990,"FEATHER R HATCHERY","601140207",54197,0.948244367769434
1988,"FEATHER R HATCHERY","63110",53144,0.989989462592202
1996,"FEATHER R HATCHERY","601060209",26448,0.950998185117967
1987,"FEATHER R HATCHERY","66261",53295,0.924007880664227
1996,"FEATHER R HATCHERY","601060212",26129,0.958015997550614
1987,"FEATHER R HATCHERY","B61407",53338,0.970283850163111
1988,"FEATHER R HATCHERY","63117",51564,0.967903964005896
1996,"FEATHER R HATCHERY","601060210",26360,0.951024279210926
1996,"FEATHER R HATCHERY","601060214",27383,0.960997699302487
1996,"FEATHER R HATCHERY","601060211",26765,0.958042219316271
1992,"FEATHER R HATCHERY","601140311",55872,0.974620561282932
1992,"FEATHER R HATCHERY","601140313",53286,0.967871485943775
1997,"FEATHER R HATCHERY","601060411",27390,0.938590726542534
1997,"FEATHER R HATCHERY","601060410",27525,0.938601271571299
1997,"FEATHER R HATCHERY","601060413",27696,0.975844887348354
1997,"FEATHER R HATCHERY","601060412",26337,0.975851463720241
1988,"FEATHER R HATCHERY","63116",51676,0.962961529530149
1989,"FEATHER R HATCHERY","63123",53860,0.915781656145563
1992,"FEATHER R HATCHERY","63801",99787,1
1995,"FEATHER R HATCHERY","62936",60950,0.964971287940935
1993,"FEATHER R HATCHERY","62926",53311,0.922248691639624
1987,"FEATHER R HATCHERY","63106",52260,0.918006123230004
1987,"FEATHER R HATCHERY","63105",53750,0.917990697674419
1988,"FEATHER R HATCHERY","601140101",51573,0.993484963062067
1989,"FEATHER R HATCHERY","63121",53097,0.979528033598885
1995,"FEATHER R HATCHERY","62538",53172,1
1997,"FEATHER R HATCHERY","601060510",16600,0.993855421686747
1998,"FEATHER R HATCHERY","52416",26011,0.98500634347007
1998,"FEATHER R HATCHERY","501020706",25922,0.986999459918216
1998,"FEATHER R HATCHERY","601060803",26317,1
1999,"FEATHER R HATCHERY","62653",21137,0.990017504849316
1999,"FEATHER R HATCHERY","62649",17735,0.982012968705949
1997,"FEATHER R HATCHERY","62622",152396,0.313341557521195
1992,"FEATHER R HATCHERY","63758",2628,1
1997,"FEATHER R HATCHERY","62621",150737,0.306633407856067
1994,"FEATHER R HATCHERY","63819",59530,1
1996,"FEATHER R HATCHERY","63823",52662,0.913998708746345
1994,"FEATHER R HATCHERY","63759",1449,1
1996,"FEATHER R HATCHERY","63827",44484,0.913991547522705
1994,"FEATHER R HATCHERY","63822",37112,1
1996,"FEATHER R HATCHERY","63829",46704,0.913990236382323
1997,"FEATHER R HATCHERY","62619",151684,0.310480999973629
1992,"FEATHER R HATCHERY","63802",13543,1
1993,"FEATHER R HATCHERY","63818",43901,1
1994,"FEATHER R HATCHERY","63650",11018,1
1994,"FEATHER R HATCHERY","63718",5715,1
1995,"FEATHER R HATCHERY","62552",54092,1
1997,"FEATHER R HATCHERY","62551",50607,0.922994842610706
1997,"FEATHER R HATCHERY","601060515",13792,0.922998839907193
1998,"FEATHER R HATCHERY","501020714",26003,0.995000576856517
1987,"FEATHER R HATCHERY","63101",54324,0.970860025034975
1991,"FEATHER R HATCHERY","601140211",54326,0.987188454883481
1983,"FEATHER R HATCHERY","64209",15585,0.974013474494706
1998,"FEATHER R HATCHERY","52415",25944,0.994989207523898
1989,"FEATHER R HATCHERY","63120",52968,0.979421537532095
1988,"FEATHER R HATCHERY","63112",51877,0.983981340478439
1984,"FEATHER R HATCHERY","66235",108146,0.990891942374198
1988,"FEATHER R HATCHERY","63107",53101,0.952919907346378
1987,"FEATHER R HATCHERY","63102",53669,0.991969293260542
1999,"FEATHER R HATCHERY","501020805",23345,0.987020775326622
1995,"FEATHER R HATCHERY","601060202",51590,0.96687342508238
1993,"FEATHER R HATCHERY","63145",51162,0.976818732653141
1984,"FEATHER R HATCHERY","65860",25642,0.908938460338507
1996,"FEATHER R HATCHERY","62544",51639,0.940413253548674
1995,"FEATHER R HATCHERY","601140515",51674,0.980183457831792
1996,"FEATHER R HATCHERY","62541",53580,0.982997387084733
1995,"FEATHER R HATCHERY","601140605",54621,0.979952765419893
1996,"FEATHER R HATCHERY","62543",53973,0.94039612398792
1996,"FEATHER R HATCHERY","62542",53506,0.983011251074646
1997,"FEATHER R HATCHERY","62615",106163,0.965920330058495
1995,"FEATHER R HATCHERY","62535",35111,1
2015,"FEATHER R HATCHERY","60707",585225,0.249338288692383
2015,"FEATHER R HATCHERY","60735",983524,0.248837852457083
2015,"FEATHER R HATCHERY","60736",992283,0.248418042030348
2015,"FEATHER R HATCHERY","60738",540700,0.248289254669872
2015,"FEATHER R HATCHERY","60739",549500,0.248689717925387
1996,"FEATHER R HATCHERY","63826",45459,0.914010426978156
1996,"FEATHER R HATCHERY","63825",44464,0.913997840949982
1994,"FEATHER R HATCHERY","63821",36155,1
1996,"FEATHER R HATCHERY","63824",52338,0.914001299247201
1996,"FEATHER R HATCHERY","63828",45754,0.913996590462036
1992,"FEATHER R HATCHERY","63804",19923,1
1997,"FEATHER R HATCHERY","62618",150275,0.304741307602728
1993,"FEATHER R HATCHERY","63816",49933,1
1997,"FEATHER R HATCHERY","62620",150509,0.305702649011023
1999,"FEATHER R HATCHERY","601061008",27718,0.984991702143012
1999,"FEATHER R HATCHERY","601061007",27665,0.984999096331104
2015,"FEATHER R HATCHERY","60740",541630,0.245736019053597
2015,"FEATHER R HATCHERY","60741",550894,0.249262108500002
2015,"FEATHER R HATCHERY","60742",542730,0.248147329242902
2015,"FEATHER R HATCHERY","60743",535566,0.249472520660385
2015,"FEATHER R HATCHERY","60745",525515,0.249834923836617
2015,"FEATHER R HATCHERY","60746",550246,0.249675599640888
2015,"FEATHER R HATCHERY","60747",549300,0.249208083014746
2015,"FEATHER R HATCHERY","60744",532424,0.250116448544769
1984,"FEATHER R HATCHERY","65861",25796,0.953985113971158
1984,"FEATHER R HATCHERY","66244",52850,0.899110690633869
1985,"FEATHER R HATCHERY","66252",53201,0.931993759515799
2015,"FEATHER R HATCHERY","60793",127056,0.24800088150107
1988,"FEATHER R HATCHERY","63115",50569,0.883841879412288
1989,"FEATHER R HATCHERY","63118",54398,0.889554763042759
1990,"FEATHER R HATCHERY","63124",54013,0.945809342195397
1993,"FEATHER R HATCHERY","63142",54711,0.972967045018369
1987,"FEATHER R HATCHERY","66262",52648,0.924004710530315
1998,"FEATHER R HATCHERY","601060706",26001,0.994000230760355
1998,"FEATHER R HATCHERY","601060705",26475,0.99399433427762
1998,"FEATHER R HATCHERY","601060707",26186,0.99400442984801
1999,"FEATHER R HATCHERY","601061107",52886,1
1998,"FEATHER R HATCHERY","601060708",25847,0.994003172515186
1995,"FEATHER R HATCHERY","601060103",104231,0.959724074411643
1994,"FEATHER R HATCHERY","62930",48471,0.955004023024076
1995,"FEATHER R HATCHERY","62935",58569,0.971503696494733
1995,"FEATHER R HATCHERY","601140513",52813,0.979967053566357
1995,"FEATHER R HATCHERY","601140514",58618,0.979954962639462
1995,"FEATHER R HATCHERY","601060108",51798,0.9596509517742
1990,"FEATHER R HATCHERY","601140209",53954,0.990288023130815
1991,"FEATHER R HATCHERY","601140301",53585,0.989717271624522
1985,"FEATHER R HATCHERY","66248",106878,0.947996781376897
1986,"FEATHER R HATCHERY","66258",53188,0.95901331127322
1998,"FEATHER R HATCHERY","52414",26622,0.995004131920968
1993,"FEATHER R HATCHERY","601140401",53701,0.964954097689056
1992,"FEATHER R HATCHERY","601140309",55056,0.967469485614647
1993,"FEATHER R HATCHERY","601140405",52519,0.956967954454578
1993,"FEATHER R HATCHERY","601140314",52503,0.952936022703465
1984,"FEATHER R HATCHERY","66242",107649,0.978076898066865
1988,"FEATHER R HATCHERY","63113",52498,0.989980570688407
1983,"FEATHER R HATCHERY","66233",67600,0.96
1992,"FEATHER R HATCHERY","601140308",55359,0.952817066782276
1994,"FEATHER R HATCHERY","62932",152545,0.968999311678521
1995,"FEATHER R HATCHERY","601140508",48497,0.973008639709673
1995,"FEATHER R HATCHERY","601140511",51542,0.972992898994994
1995,"FEATHER R HATCHERY","62938",155672,0.95996711033455
1994,"FEATHER R HATCHERY","62933",153002,0.911380243395511
1995,"FEATHER R HATCHERY","601140507",48762,0.973011771461384
1995,"FEATHER R HATCHERY","601140509",50506,0.972993307725815
1995,"FEATHER R HATCHERY","601140512",51061,0.972993086700221
1995,"FEATHER R HATCHERY","62937",154891,0.968997553117999
1995,"FEATHER R HATCHERY","601140510",50781,0.973001713239204
1985,"FEATHER R HATCHERY","66247",105756,0.964002042437308
1984,"FEATHER R HATCHERY","66236",106870,0.947281744175166
1983,"FEATHER R HATCHERY","66232",62300,0.96
1999,"FEATHER R HATCHERY","62660",43050,0.981997677119628
1998,"FEATHER R HATCHERY","601060814",52402,0.975993282699134
1998,"FEATHER R HATCHERY","601060815",52298,0.976002906420896
1994,"FEATHER R HATCHERY","601140502",52866,0.975995914198161
1998,"FEATHER R HATCHERY","501020715",25259,0.995011679005503
1993,"FEATHER R HATCHERY","601140406",58541,0.958968927760031
1986,"FEATHER R HATCHERY","66255",53567,0.954001530793212
1999,"FEATHER R HATCHERY","501020808",21677,0.986990819762882
1999,"FEATHER R HATCHERY","501020806",23777,0.987004247802498
1985,"FEATHER R HATCHERY","66249",104402,0.947002930978334
2018,"FEATHER R HATCHERY","601080602",30000,1
1995,"FEATHER R HATCHERY","601060206",51730,0.969804755461048
1996,"FEATHER R HATCHERY","601060305",26695,0.926990073047387
1995,"FEATHER R HATCHERY","601060203",51951,0.959904525418182
1994,"FEATHER R HATCHERY","63149",52935,0.976102767545103
1989,"FEATHER R HATCHERY","601140107",53367,0.983529147225814
1990,"FEATHER R HATCHERY","601140114",55408,0.940243286168062
1997,"FEATHER R HATCHERY","601140606",24377,0.98153997620708
1983,"FEATHER R HATCHERY","64822",50065,0.94876660341556
1997,"FEATHER R HATCHERY","601060608",597628,0.0320249385905614
1972,"FEATHER R HATCHERY","060201*1",224666,0.879999643915857
1974,"FEATHER R HATCHERY","60106",100947,0.919997622514785
1973,"FEATHER R HATCHERY","60104",180007,0.869999500019444
1999,"FEATHER R HATCHERY","62658",301600,0.976001326259947
1998,"FEATHER R HATCHERY","601060702",28526,0.971008904157611
1998,"FEATHER R HATCHERY","601060704",26024,0.970988318475254
1998,"FEATHER R HATCHERY","601060701",25995,0.970994422004232
1998,"FEATHER R HATCHERY","601060703",26016,0.971017835178352
1995,"FEATHER R HATCHERY","601060112",52010,0.959873101326668
1995,"FEATHER R HATCHERY","601060111",51100,0.941291585127202
1995,"FEATHER R HATCHERY","601140505",51660,0.9698606271777
1975,"FEATHER R HATCHERY","60306",98571,0.94999543476276
1986,"FEATHER R HATCHERY","65801",50647,0.958990660848619
1997,"FEATHER R HATCHERY","601060501",15431,0.98989048020219
1997,"FEATHER R HATCHERY","601060607",596452,0.0301600128761409
1993,"FEATHER R HATCHERY","63146",53412,0.969894405751517
1995,"FEATHER R HATCHERY","601140506",51800,0.99011583011583
1993,"FEATHER R HATCHERY","63805",102805,0.960994115072224
1997,"FEATHER R HATCHERY","601060613",596236,0.029815375119919
1997,"FEATHER R HATCHERY","601060612",596590,0.0303776462897467
1992,"FEATHER R HATCHERY","601140307",53580,0.920772676371781
1985,"FEATHER R HATCHERY","65849",52250,0.95799043062201
1986,"FEATHER R HATCHERY","65802",49985,0.884005201560468
1993,"FEATHER R HATCHERY","63806",102680,0.967997662641215
1997,"FEATHER R HATCHERY","601060610",596296,0.0299113192105934
1994,"FEATHER R HATCHERY","62331",65018,0.96276415761789
1993,"FEATHER R HATCHERY","62519",108750,0.94784367816092
1985,"FEATHER R HATCHERY","65848",52720,0.87399468892261
1993,"FEATHER R HATCHERY","62909",9755,0.926089185033316
1994,"FEATHER R HATCHERY","62931",65018,0.96276415761789
1993,"FEATHER R HATCHERY","62921",23840,0.926090604026846
1993,"FEATHER R HATCHERY","62920",23107,0.926083005149955
1995,"FEATHER R HATCHERY","62934",70808,0.969240763755508
1993,"FEATHER R HATCHERY","62910",9539,0.926092881853444
1984,"FEATHER R HATCHERY","66234",104787,0.9580005153311
1983,"FEATHER R HATCHERY","64208",15701,0.950003184510541
1983,"FEATHER R HATCHERY","66228",43549,0.949987370548118
1985,"FEATHER R HATCHERY","66246",106921,0.963000720157874
1993,"FEATHER R HATCHERY","62517",104458,0.985956078040935
1990,"FEATHER R HATCHERY","601140115",54081,0.941217802925242
1997,"FEATHER R HATCHERY","601140607",24787,0.981562916044701
1995,"FEATHER R HATCHERY","601060204",51271,0.979949679155858
1983,"FEATHER R HATCHERY","64823",49590,0.957854406130268
1989,"FEATHER R HATCHERY","601140110",54050,0.972414431082331
1994,"FEATHER R HATCHERY","63147",52676,0.9890082770142
1996,"FEATHER R HATCHERY","601060304",27059,0.927011345578181
1994,"FEATHER R HATCHERY","601140412",52313,0.971995488693059
1989,"FEATHER R HATCHERY","601140111",54745,0.931116996986026
1995,"FEATHER R HATCHERY","601060110",51347,0.949812063022182
1993,"FEATHER R HATCHERY","63144",55070,0.985963319411658
1993,"FEATHER R HATCHERY","63756",51821,0.967947357248992
1986,"FEATHER R HATCHERY","65803",50035,0.918996702308384
1997,"FEATHER R HATCHERY","601060609",595978,0.0294054478521019
1997,"FEATHER R HATCHERY","601060611",596491,0.0302217468494914
1982,"FEATHER R HATCHERY","66225",90200,0.925
1993,"FEATHER R HATCHERY","62518",106580,0.948817789453931
1997,"FEATHER R HATCHERY","601060502",15439,0.989895718634627
1992,"FEATHER R HATCHERY","601140305",55482,0.956454345553513
1993,"FEATHER R HATCHERY","63757",52245,0.960991482438511
1989,"FEATHER R HATCHERY","601140108",54179,0.98292696432197
1988,"FEATHER R HATCHERY","63114",53122,0.996988065208388
1996,"FEATHER R HATCHERY","601060313",51558,0.989991853834516
1996,"FEATHER R HATCHERY","601060315",52347,0.990008978547004
1996,"FEATHER R HATCHERY","601060312",52938,0.98998828818618
1996,"FEATHER R HATCHERY","601060314",55281,0.989996563014417
2011,"FEATHER R HATCHERY","608000702",10218,1
1997,"FEATHER R HATCHERY","601060505",15796,0.983603443909851
2013,"FEATHER R HATCHERY","68042",104167,0.247775207119337
2013,"FEATHER R HATCHERY","60618",368458,0.993418517171564
2013,"FEATHER R HATCHERY","68681",549220,0.249908961800371
1997,"FEATHER R HATCHERY","601060415",21486,0.985758168109467
1997,"FEATHER R HATCHERY","601060506",18670,0.983663631494376
1997,"FEATHER R HATCHERY","601060414",21714,0.985769549599337
2014,"FEATHER R HATCHERY","68738",10776,0.248886414253898
2014,"FEATHER R HATCHERY","60658",1055249,0.250036721190923
2012,"FEATHER R HATCHERY","608000805",9104,1
2012,"FEATHER R HATCHERY","608000801",9448,1
2012,"FEATHER R HATCHERY","608000806",9974,1
2012,"FEATHER R HATCHERY","608000802",10123,1
2013,"FEATHER R HATCHERY","601020808",44127,1
2014,"FEATHER R HATCHERY","601020903",45200,1
2014,"FEATHER R HATCHERY","60578",10356,0.998068752414059
2014,"FEATHER R HATCHERY","60656",1598610,0.247824047140954
2014,"FEATHER R HATCHERY","60657",1526990,0.252224965454915
2014,"FEATHER R HATCHERY","60662",331177,0.970861503063317
2012,"FEATHER R HATCHERY","608000108",39240,1
2012,"FEATHER R HATCHERY","608000800",10556,1
2012,"FEATHER R HATCHERY","608000803",11069,1
2012,"FEATHER R HATCHERY","608000804",10128,1
2012,"FEATHER R HATCHERY","608000808",6068,1
2012,"FEATHER R HATCHERY","608000809",6012,1
2012,"FEATHER R HATCHERY","608000900",7086,1
1972,"FEATHER R HATCHERY","60201",224666,0.879999643915857
2006,"FEATHER R HATCHERY","67002",1235150,0.247411245597701
2006,"FEATHER R HATCHERY","67003",1236416,0.247415918266991
2006,"FEATHER R HATCHERY","67004",1230042,0.236536638586325
2006,"FEATHER R HATCHERY","67005",1207268,0.23513420383875
2006,"FEATHER R HATCHERY","67006",1203914,0.251211465270775
2006,"FEATHER R HATCHERY","601090100",10156,0.989956675856636
2006,"FEATHER R HATCHERY","601080905",25817,0.990006584808459
2006,"FEATHER R HATCHERY","601080906",26433,0.995006242197253
2006,"FEATHER R HATCHERY","601080907",26005,0.995000961353586
2006,"FEATHER R HATCHERY","601090102",10965,0.989968080255358
2006,"FEATHER R HATCHERY","601090208",11305,0.99000442282176
2006,"FEATHER R HATCHERY","62324",12252,1
2006,"FEATHER R HATCHERY","67007",695900,0.248899267136083
2006,"FEATHER R HATCHERY","67017",569400,0.242507903055848
2006,"FEATHER R HATCHERY","67018",215000,0.229111627906977
2006,"FEATHER R HATCHERY","67019",215000,0.24373488372093
2006,"FEATHER R HATCHERY","67020",161801,0.243026928140123
2006,"FEATHER R HATCHERY","601090104",11165,0.989968652037618
2006,"FEATHER R HATCHERY","601090105",10412,0.98501728774491
2006,"FEATHER R HATCHERY","601090106",10731,0.984996738421396
2006,"FEATHER R HATCHERY","601090107",11113,0.984972554665707
2006,"FEATHER R HATCHERY","601090108",10464,0.995030581039755
2006,"FEATHER R HATCHERY","601090109",11303,0.994957091037778
2006,"FEATHER R HATCHERY","601090200",10403,0.985004325675286
2006,"FEATHER R HATCHERY","601090201",9644,0.984964744919121
2006,"FEATHER R HATCHERY","601090202",9697,0.995050015468702
2006,"FEATHER R HATCHERY","601090203",10800,0.995
2006,"FEATHER R HATCHERY","601090204",9706,0.994951576344529
2006,"FEATHER R HATCHERY","601090205",11273,0.989976048966557
2006,"FEATHER R HATCHERY","601090206",11753,0.989960010210159
2006,"FEATHER R HATCHERY","601090207",10931,0.990028359710914
2006,"FEATHER R HATCHERY","601090209",10889,0.989989898062265
2006,"FEATHER R HATCHERY","601090101",9967,0.98996689073944
2006,"FEATHER R HATCHERY","601090103",10564,0.989965921999243
2006,"FEATHER R HATCHERY","67000",1165846,0.244190055976518
2007,"FEATHER R HATCHERY","608000001",55964,0.97998713458652
2007,"FEATHER R HATCHERY","60358",27179,0.994996136723205
2007,"FEATHER R HATCHERY","608000000",53121,0.994992564146006
2007,"FEATHER R HATCHERY","608000002",54897,0.974989525839299
2007,"FEATHER R HATCHERY","67016",1129624,0.249236028979554
2007,"FEATHER R HATCHERY","67026",40725,0.249674647022713
2007,"FEATHER R HATCHERY","68604",1597704,0.249886086534177
2007,"FEATHER R HATCHERY","68605",1591811,0.246546229420453
2007,"FEATHER R HATCHERY","68608",1049992,0.249478091261648
2007,"FEATHER R HATCHERY","68609",1045651,0.249933295143408
2007,"FEATHER R HATCHERY","68610",1070839,0.249791985536575
2007,"FEATHER R HATCHERY","68611",1041669,0.249794320460722
2007,"FEATHER R HATCHERY","68612",854506,0.249270338651806
2007,"FEATHER R HATCHERY","60361",25333,0.994986776141791
2007,"FEATHER R HATCHERY","608000003",55817,0.994983607144777
2008,"FEATHER R HATCHERY","68606",1587475,0.248068158553678
2008,"FEATHER R HATCHERY","68621",180004,0.247255616541855
2008,"FEATHER R HATCHERY","68631",78123,0.983692382524993
2008,"FEATHER R HATCHERY","68634",1612698,0.24668288793066
2008,"FEATHER R HATCHERY","68635",1613469,0.246424319277284
2008,"FEATHER R HATCHERY","68636",1613492,0.247003393881098
2008,"FEATHER R HATCHERY","68650",585994,0.247154407724311
2008,"FEATHER R HATCHERY","68652",373241,0.249034805929681
2009,"FEATHER R HATCHERY","67030",23322,0.247491638795987
2009,"FEATHER R HATCHERY","67031",23321,0.247459371382016
2009,"FEATHER R HATCHERY","68624",41873,0.984835096601629
2009,"FEATHER R HATCHERY","68654",453542,0.239766107659269
2009,"FEATHER R HATCHERY","68660",215384,0.247492849979571
2009,"FEATHER R HATCHERY","68667",1048814,0.249419820864329
2009,"FEATHER R HATCHERY","68668",1043260,0.247956405881564
2009,"FEATHER R HATCHERY","68669",1584853,0.248130899206425
2009,"FEATHER R HATCHERY","68670",1600933,0.248615026362752
2009,"FEATHER R HATCHERY","68671",1574599,0.249161850096437
2009,"FEATHER R HATCHERY","68672",1608030,0.249171346305728
2009,"FEATHER R HATCHERY","68675",122334,0.971757647097291
2009,"FEATHER R HATCHERY","68695",359992,0.247411053578968
2010,"FEATHER R HATCHERY","68674",580451,0.247683266976885
2010,"FEATHER R HATCHERY","68692",36493,0.248595621078015
2010,"FEATHER R HATCHERY","68702",41952,0.991228070175439
2010,"FEATHER R HATCHERY","68709",669907,0.248276253270976
2010,"FEATHER R HATCHERY","68736",15727,0.994468112163795
2010,"FEATHER R HATCHERY","68746",2157700,0.247491310191408
2010,"FEATHER R HATCHERY","68749",1589762,0.247366586948235
2010,"FEATHER R HATCHERY","68750",1602108,0.248105620844537
2010,"FEATHER R HATCHERY","68751",1608578,0.247235135629108
2010,"FEATHER R HATCHERY","68752",1622401,0.24856801740137
2010,"FEATHER R HATCHERY","68753",171295,0.994454012084416
2010,"FEATHER R HATCHERY","68754",441322,0.24748596263046
2011,"FEATHER R HATCHERY","60388",1897378,0.241336201853294
2011,"FEATHER R HATCHERY","60384",9967,0.99658874285141
2011,"FEATHER R HATCHERY","60374",169182,0.996695865990472
2011,"FEATHER R HATCHERY","60395",1106605,0.24951631340903
2011,"FEATHER R HATCHERY","69504",98567,0.996692605030081
2012,"FEATHER R HATCHERY","60447",10028,0.989030714000798
2012,"FEATHER R HATCHERY","60464",2123820,0.24768718629639
2012,"FEATHER R HATCHERY","60465",1577985,0.248876890464738
2012,"FEATHER R HATCHERY","60466",1087046,0.249213004785446
2012,"FEATHER R HATCHERY","60467",1059194,0.248709868069494
2012,"FEATHER R HATCHERY","60469",240546,0.984427095025484
2012,"FEATHER R HATCHERY","60470",91788,0.987896021266397
2012,"FEATHER R HATCHERY","60471",99400,0.974164989939638
2012,"FEATHER R HATCHERY","60472",99470,0.982808887101639
2012,"FEATHER R HATCHERY","60468",416018,0.991207111230764
2012,"FEATHER R HATCHERY","60473",100534,0.986651282153301
2001,"FEATHER R HATCHERY","601070706",27681,0.95599869946895
2001,"FEATHER R HATCHERY","601070707",23365,0.956002567943505
2001,"FEATHER R HATCHERY","62697",47151,0.974995228096965
2001,"FEATHER R HATCHERY","62698",45830,0.953000218197687
2001,"FEATHER R HATCHERY","62726",24236,0.974995873906585
2001,"FEATHER R HATCHERY","62727",23051,0.984989805214524
2001,"FEATHER R HATCHERY","62728",23060,0.984995663486557
2001,"FEATHER R HATCHERY","62729",23041,0.984983290655787
2001,"FEATHER R HATCHERY","62730",44789,0.994998772019916
2000,"FEATHER R HATCHERY","62710",20360,0.994990176817289
2000,"FEATHER R HATCHERY","62711",20500,0.995024390243902
2000,"FEATHER R HATCHERY","62712",19910,0.994977398292315
2000,"FEATHER R HATCHERY","62713",20230,0.995007414730598
1999,"FEATHER R HATCHERY","53830",24124,0.967998673520146
1999,"FEATHER R HATCHERY","62651",16059,0.982003860763435
1999,"FEATHER R HATCHERY","62652",15826,0.981991659294831
1999,"FEATHER R HATCHERY","601061005",25893,0.959989186266558
1999,"FEATHER R HATCHERY","501020810",26164,0.994993120317994
1999,"FEATHER R HATCHERY","62650",17377,0.981987684870806
1999,"FEATHER R HATCHERY","62655",25258,0.989983371605036
1999,"FEATHER R HATCHERY","501020807",21701,0.987005207133312
2006,"FEATHER R HATCHERY","601080902",26779,0.989992158034281
2006,"FEATHER R HATCHERY","601080903",28160,0.989985795454545
2006,"FEATHER R HATCHERY","601080904",26036,0.999116607773852
2006,"FEATHER R HATCHERY","601080908",25773,0.994994761960191
2006,"FEATHER R HATCHERY","601080909",26011,0.995002114490023
2006,"FEATHER R HATCHERY","62316",24385,0.965019479188025
2006,"FEATHER R HATCHERY","62317",26200,0.965
2006,"FEATHER R HATCHERY","62318",25378,0.955000394042084
2006,"FEATHER R HATCHERY","62319",24703,0.954985224466664
2006,"FEATHER R HATCHERY","62320",23973,0.980019188253452
2006,"FEATHER R HATCHERY","62321",24492,0.979993467254614
2006,"FEATHER R HATCHERY","62322",12647,0.975013837273662
2006,"FEATHER R HATCHERY","62323",12868,0.974976686353746
2006,"FEATHER R HATCHERY","62325",12996,1
2006,"FEATHER R HATCHERY","62326",12964,0.989972230792965
2006,"FEATHER R HATCHERY","62327",13118,0.990013721603903
2007,"FEATHER R HATCHERY","60364",25533,0.994986879724278
2007,"FEATHER R HATCHERY","608020101",27827,0.996981349049484
2007,"FEATHER R HATCHERY","608020104",27715,0.998989716759877
2007,"FEATHER R HATCHERY","60359",24499,1
2007,"FEATHER R HATCHERY","60360",25942,1
2007,"FEATHER R HATCHERY","60362",25661,0.994972916098359
2007,"FEATHER R HATCHERY","60363",25116,0.994983277591973
2007,"FEATHER R HATCHERY","60365",29292,0.994981564932405
2007,"FEATHER R HATCHERY","60366",28662,0.994975926313586
2007,"FEATHER R HATCHERY","60368",25623,0.994965460718885
2007,"FEATHER R HATCHERY","608020007",27452,0.995009471076789
2007,"FEATHER R HATCHERY","608020008",26790,0.994998133631952
2007,"FEATHER R HATCHERY","608020009",26715,0.994984091334456
2007,"FEATHER R HATCHERY","608020100",26328,0.994986326344576
2007,"FEATHER R HATCHERY","608020103",27030,0.998964113947466
2007,"FEATHER R HATCHERY","60367",25953,0.994990945170115
2007,"FEATHER R HATCHERY","608020102",27343,0.996964488168818
2011,"FEATHER R HATCHERY","55449",1231,1
2021,"FEATHER R HATCHERY","60680",354951,0.249403438784508
2021,"FEATHER R HATCHERY","62886",330605,0.251868544032909
2021,"FEATHER R HATCHERY","62887",329152,0.249410606649815
2021,"FEATHER R HATCHERY","62890",336079,0.246778287247939
2021,"FEATHER R HATCHERY","62891",336985,0.248913156371945
2021,"FEATHER R HATCHERY","62892",333138,0.248197443702009
2021,"FEATHER R HATCHERY","62893",335302,0.247400850576495
2021,"FEATHER R HATCHERY","62894",337543,0.249479325597035
2021,"FEATHER R HATCHERY","61957",1014914,0.249769931245406
2021,"FEATHER R HATCHERY","62895",334985,0.249360419123244
2021,"FEATHER R HATCHERY","61532",347458,0.249736658819195
2021,"FEATHER R HATCHERY","62888",341219,0.249018958498794
2021,"FEATHER R HATCHERY","62889",338776,0.24706885965948
2021,"FEATHER R HATCHERY","62896",336191,0.247023269510487
2021,"FEATHER R HATCHERY","61948",375693,0.249160884019665
2021,"FEATHER R HATCHERY","61951",395233,0.249303575359345
2021,"FEATHER R HATCHERY","61954",1008029,0.249332112468987
2021,"FEATHER R HATCHERY","61958",997241,0.249304832031575
2021,"FEATHER R HATCHERY","62384",199938,1
2021,"FEATHER R HATCHERY","62897",335810,0.249516095411096
2019,"FEATHER R HATCHERY","61530",272670,0.247405288443907
2019,"FEATHER R HATCHERY","61588",336925,0.24562736514061
2019,"FEATHER R HATCHERY","61589",335710,0.247660182895952
2019,"FEATHER R HATCHERY","61590",352348,0.249162759544541
2019,"FEATHER R HATCHERY","61591",339472,0.248379836923222
2019,"FEATHER R HATCHERY","61596",341373,0.247670436736356
2019,"FEATHER R HATCHERY","61592",338908,0.249061692258666
2019,"FEATHER R HATCHERY","61593",355034,0.246894663609682
2019,"FEATHER R HATCHERY","61594",338986,0.246833202551138
2019,"FEATHER R HATCHERY","62048",1000800,0.248611111111111
2019,"FEATHER R HATCHERY","62049",996202,0.246933854780456
2019,"FEATHER R HATCHERY","62050",1053850,0.246997200740143
2019,"FEATHER R HATCHERY","61595",337414,0.246059736703278
2015,"FEATHER R HATCHERY","608000904",6163,1
2022,"FEATHER R HATCHERY","60007",344400,0.242415795586527
2022,"FEATHER R HATCHERY","60008",335733,0.246812198979546
2022,"FEATHER R HATCHERY","60009",338699,0.246330812904673
2022,"FEATHER R HATCHERY","60010",339945,0.248081307270294
2022,"FEATHER R HATCHERY","60017",326219,0.248379156333629
2022,"FEATHER R HATCHERY","60019",1009084,0.248832604619635
2022,"FEATHER R HATCHERY","60020",1003263,0.24850014403003
2022,"FEATHER R HATCHERY","60021",1004181,0.248002103206494
2022,"FEATHER R HATCHERY","60022",201432,0.997001469478534
2022,"FEATHER R HATCHERY","60660",508111,0.248965285144388
2022,"FEATHER R HATCHERY","60973",997432,0.249160845050089
2022,"FEATHER R HATCHERY","61550",382272,0.25004447095262
2022,"FEATHER R HATCHERY","62070",380677,0.249902148015247
2022,"FEATHER R HATCHERY","60013",337083,0.24525710285004
2022,"FEATHER R HATCHERY","60014",335874,0.245267570577062
2022,"FEATHER R HATCHERY","60015",338477,0.246510102606676
2022,"FEATHER R HATCHERY","60016",339288,0.247556648039424
2022,"FEATHER R HATCHERY","60018",333927,0.249871978007169
2022,"FEATHER R HATCHERY","60011",336982,0.249523713432765
2022,"FEATHER R HATCHERY","62883",504338,0.24538305660093
2022,"FEATHER R HATCHERY","60012",332036,0.244295799250684
2012,"NIMBUS FISH HATCHERY","60474",1502388,0.248883111419953
2012,"NIMBUS FISH HATCHERY","60475",1495203,0.249870418933081
2012,"NIMBUS FISH HATCHERY","60476",280003,0.996667892844005
2010,"NIMBUS FISH HATCHERY","68769",271171,0.991090492714929
2010,"NIMBUS FISH HATCHERY","68770",805650,0.249818159250295
2010,"NIMBUS FISH HATCHERY","68783",139961,0.249869606533249
2020,"NIMBUS FISH HATCHERY","60461",670486,0.248187135898438
2014,"NIMBUS FISH HATCHERY","60665",644963,0.249592612289387
2020,"NIMBUS FISH HATCHERY","61536",668461,0.248692145091486
2020,"NIMBUS FISH HATCHERY","62094",139200,0.249439655172414
2017,"NIMBUS FISH HATCHERY","61467",650108,0.249552382065749
2017,"NIMBUS FISH HATCHERY","61468",651317,0.249033880583495
2017,"NIMBUS FISH HATCHERY","61469",681685,0.249005038984282
2017,"NIMBUS FISH HATCHERY","61470",684316,0.249016536220109
2017,"NIMBUS FISH HATCHERY","61466",667651,0.249888040308485
2018,"NIMBUS FISH HATCHERY","061575*1",47495,0.249815770081061
2020,"NIMBUS FISH HATCHERY","061575*2",678942,0.249089023804684
2020,"NIMBUS FISH HATCHERY","62364",561149,0.24930633396834
2020,"NIMBUS FISH HATCHERY","62374",141525,0.249715597950892
2020,"NIMBUS FISH HATCHERY","62375",142376,0.247218632353767
2017,"NIMBUS FISH HATCHERY","61465",669076,0.249910324088743
2020,"NIMBUS FISH HATCHERY","62362",528290,0.247083987961158
2020,"NIMBUS FISH HATCHERY","62363",537965,0.249644493600885
2014,"NIMBUS FISH HATCHERY","60667",638448,0.247772723855349
2014,"NIMBUS FISH HATCHERY","60664",668965,0.249527254789115
2014,"NIMBUS FISH HATCHERY","60668",657112,0.248330573783465
2018,"NIMBUS FISH HATCHERY","61994",199865,0.997098041177795
2016,"NIMBUS FISH HATCHERY","60997",617902,0.249605924564089
2016,"NIMBUS FISH HATCHERY","60998",605104,0.249927285227002
2016,"NIMBUS FISH HATCHERY","60999",591860,0.249667151015443
2016,"NIMBUS FISH HATCHERY","61201",552695,0.249627733198238
2016,"NIMBUS FISH HATCHERY","61202",582716,0.249934788130067
2016,"NIMBUS FISH HATCHERY","61203",530487,0.248622492162862
2000,"NIMBUS FISH HATCHERY","62555",50435,0.815901655596312
2001,"NIMBUS FISH HATCHERY","62666",273944,0.869502526063721
2001,"NIMBUS FISH HATCHERY","62667",273839,0.866315608806635
2001,"NIMBUS FISH HATCHERY","62668",273944,0.869495225301521
2018,"NIMBUS FISH HATCHERY","61953",558216,0.249860269143127
2018,"NIMBUS FISH HATCHERY","61909",36535,0.24913097030245
2018,"NIMBUS FISH HATCHERY","61995",801491,0.249326567609618
2018,"NIMBUS FISH HATCHERY","61998",561845,0.248499141222223
2018,"NIMBUS FISH HATCHERY","61999",559141,0.249082074110108
2018,"NIMBUS FISH HATCHERY","61996",800800,0.249325674325674
2018,"NIMBUS FISH HATCHERY","61997",800162,0.248789620101929
2003,"NIMBUS FISH HATCHERY","62562",38271,0.880928117896057
2003,"NIMBUS FISH HATCHERY","62563",12068,0.880510440835267
2003,"NIMBUS FISH HATCHERY","62565",18948,0.977834072197593
2003,"NIMBUS FISH HATCHERY","62566",19182,0.977895944114274
2003,"NIMBUS FISH HATCHERY","62564",12228,0.978491985606804
2000,"NIMBUS FISH HATCHERY","63833",43011,0.660203203831578
2000,"NIMBUS FISH HATCHERY","63838",7882,0.65871606191322
1982,"NIMBUS FISH HATCHERY","65448",50340,0.926003178386969
2000,"NIMBUS FISH HATCHERY","65455",1325956,0.0740379017101623
2000,"NIMBUS FISH HATCHERY","65456",384712,0.258707812597475
2000,"NIMBUS FISH HATCHERY","65457",385094,0.257344959931861
2000,"NIMBUS FISH HATCHERY","65458",422281,0.235144370691554
2000,"NIMBUS FISH HATCHERY","65459",422423,0.235401481453425
2000,"NIMBUS FISH HATCHERY","65460",1185309,0.0813045374666015
2013,"NIMBUS FISH HATCHERY","60575",140528,0.249722475236252
2013,"NIMBUS FISH HATCHERY","60579",1122936,0.249419379198815
2013,"NIMBUS FISH HATCHERY","60580",1117951,0.250114718802524
2013,"NIMBUS FISH HATCHERY","60581",1206150,0.250075032127016
1983,"NIMBUS FISH HATCHERY","65451",50672,0.988988001263025
1986,"NIMBUS FISH HATCHERY","65407",52415,0.990002861776209
1985,"NIMBUS FISH HATCHERY","65405",54720,0.894005847953216
1982,"NIMBUS FISH HATCHERY","65449",50000,0.947
1984,"NIMBUS FISH HATCHERY","65453",25500,0.952
1983,"NIMBUS FISH HATCHERY","65450",50575,0.97900148294612
1984,"NIMBUS FISH HATCHERY","65454",25800,0.972984496124031
1982,"NIMBUS FISH HATCHERY","65447",49863,0.949000260714357
2015,"NIMBUS FISH HATCHERY","60748",709358,0.249627127628081
2015,"NIMBUS FISH HATCHERY","60749",692918,0.249909801737002
2015,"NIMBUS FISH HATCHERY","60750",694102,0.249915718439077
2015,"NIMBUS FISH HATCHERY","60751",689304,0.249921660109328
2015,"NIMBUS FISH HATCHERY","60752",693788,0.249868836013307
2015,"NIMBUS FISH HATCHERY","60753",688033,0.249902257595203
1983,"NIMBUS FISH HATCHERY","65452",50600,0.96199604743083
1988,"NIMBUS FISH HATCHERY","65415",289417,0.16656588935688
1988,"NIMBUS FISH HATCHERY","65414",270213,0.18447669061074
1989,"NIMBUS FISH HATCHERY","65421",324681,0.146799473945195
1988,"NIMBUS FISH HATCHERY","65412",332581,0.148535244045811
1987,"NIMBUS FISH HATCHERY","65411",256714,0.141499879243049
1988,"NIMBUS FISH HATCHERY","65413",239992,0.171359878662622
1989,"NIMBUS FISH HATCHERY","65418",280102,0.162026690277113
1989,"NIMBUS FISH HATCHERY","65419",295366,0.156267139752036
1986,"NIMBUS FISH HATCHERY","65408",51685,0.89999032601335
1987,"NIMBUS FISH HATCHERY","65410",345328,0.125515451976092
1989,"NIMBUS FISH HATCHERY","65420",359077,0.128838661345617
1985,"NIMBUS FISH HATCHERY","65406",123600,0.429385113268608
1987,"NIMBUS FISH HATCHERY","65409",344765,0.135828752918655
2014,"NIMBUS FISH HATCHERY","60663",654346,0.249823487879501
2014,"NIMBUS FISH HATCHERY","60666",668715,0.249855319530742
2006,"NIMBUS FISH HATCHERY","67008",1610995,0.24904670715924
2006,"NIMBUS FISH HATCHERY","67009",1580219,0.249610971643804
2006,"NIMBUS FISH HATCHERY","67010",1610678,0.248771635298924
2006,"NIMBUS FISH HATCHERY","67021",199707,0.249139990085475
2007,"NIMBUS FISH HATCHERY","67001",1253793,0.249026753220029
2007,"NIMBUS FISH HATCHERY","68602",1779855,0.249922606054988
2007,"NIMBUS FISH HATCHERY","68603",1860859,0.248111759139193
2008,"NIMBUS FISH HATCHERY","68640",270000,0.9778
2008,"NIMBUS FISH HATCHERY","68623",141110,0.248472822620651
2008,"NIMBUS FISH HATCHERY","68638",1601137,0.249852448603711
2008,"NIMBUS FISH HATCHERY","68651",570312,0.246617640870261
2008,"NIMBUS FISH HATCHERY","68637",1612328,0.248830262824934
2009,"NIMBUS FISH HATCHERY","68680",1118032,0.24988819640225
2009,"NIMBUS FISH HATCHERY","68677",1572040,0.247723976489148
2009,"NIMBUS FISH HATCHERY","68678",1374583,0.24961097292779
2009,"NIMBUS FISH HATCHERY","68658",273600,0.24906432748538
2009,"NIMBUS FISH HATCHERY","68679",274514,0.976329076112694
2010,"NIMBUS FISH HATCHERY","68767",1467625,0.249914658035942
2010,"NIMBUS FISH HATCHERY","68768",1521072,0.249037520906308
2010,"NIMBUS FISH HATCHERY","68771",650120,0.203231711068726
2011,"NIMBUS FISH HATCHERY","60396",525603,0.249874905584633
2011,"NIMBUS FISH HATCHERY","60424",1608781,0.24987490528543
2011,"NIMBUS FISH HATCHERY","60425",275408,1
2011,"NIMBUS FISH HATCHERY","60426",787327,0.249880926222523
2011,"NIMBUS FISH HATCHERY","60423",1607924,0.249258671429744
2012,"NIMBUS FISH HATCHERY","60372",734906,0.248212696589768
2021,"NIMBUS FISH HATCHERY","61209",44397,0.248350113746424
2021,"NIMBUS FISH HATCHERY","62965",665647,0.248878159144411
2021,"NIMBUS FISH HATCHERY","62966",678898,0.248482098930915
2021,"NIMBUS FISH HATCHERY","62968",838087,0.248641250848659
2021,"NIMBUS FISH HATCHERY","62969",840480,0.249776318294308
2021,"NIMBUS FISH HATCHERY","62967",668056,0.249812889937371
2021,"NIMBUS FISH HATCHERY","62970",886838,0.248266312449399
2021,"NIMBUS FISH HATCHERY","68208",21359,0.248607144529238
2021,"NIMBUS FISH HATCHERY","68665",22623,0.248905980639173
2019,"NIMBUS FISH HATCHERY","62052",802223,0.249261115674819
2019,"NIMBUS FISH HATCHERY","62057",200481,0.997002209685706
2019,"NIMBUS FISH HATCHERY","60728",49780,0.249296906388108
2019,"NIMBUS FISH HATCHERY","60992",45778,0.249705098518939
2019,"NIMBUS FISH HATCHERY","62051",800627,0.249178456384808
2019,"NIMBUS FISH HATCHERY","62053",791623,0.249013735073387
2019,"NIMBUS FISH HATCHERY","62054",580136,0.249438062799068
2019,"NIMBUS FISH HATCHERY","62055",581492,0.246199431806456
2019,"NIMBUS FISH HATCHERY","62056",566226,0.249827807271302
1974,"COLEMAN NFH","none",4228757,0
1975,"COLEMAN NFH","none",7177567,0.0647013117397581
1976,"COLEMAN NFH","none",10325616,0.0763161248684824
1977,"COLEMAN NFH","none",8528893,0
1978,"COLEMAN NFH","none",6585466,0
1979,"COLEMAN NFH","none",13061447,0.0172269580851187
1980,"COLEMAN NFH","none",14546270,0.0448041319183543
1981,"COLEMAN NFH","none",9094158,0.0956148991473427
1982,"COLEMAN NFH","none",16635024,0.0162197541764893
1983,"COLEMAN NFH","none",9990306,0.067027876823793
1984,"COLEMAN NFH","none",23421330,0.0279480712666616
1985,"COLEMAN NFH","none",13907173,0.0336127263247534
1986,"COLEMAN NFH","none",11792557,0.0260816208053945
1987,"COLEMAN NFH","none",18152003,0.0168422184593072
1988,"COLEMAN NFH","none",198157,0.978880382726828
1989,"COLEMAN NFH","none",16869926,0.0122777657708753
1990,"COLEMAN NFH","none",23387410,0.0138542489313695
1991,"COLEMAN NFH","none",25339045,0.0203780371359694
1992,"COLEMAN NFH","none",11947744,0.0289144963266705
1993,"COLEMAN NFH","none",16678295,0.0157742143306615
1994,"COLEMAN NFH","none",16188695,0.0151716367502137
1995,"COLEMAN NFH","none",19910024,0.0438365619247872
1996,"COLEMAN NFH","none",11190851,0.083448970949573
1997,"COLEMAN NFH","none",20979119,0.043638009775339
1998,"COLEMAN NFH","none",13841864,0.0663433768746753
1999,"COLEMAN NFH","none",11960894,0.0961592837458471
2002,"COLEMAN NFH","none",14037977,0.0140381338422196
2003,"COLEMAN NFH","none",13101565,0.0257919569150708
2004,"COLEMAN NFH","none",11853688,0.0121888647651263
2005,"COLEMAN NFH","none",13355345,0.0144991387343419
2021,"COLEMAN NFH","none",14001357,0.232908781627381
2002,"FEATHER R HATCHERY","none",8071759,0.188049841428615
2003,"FEATHER R HATCHERY","none",8458259,0.111447521292502
2004,"FEATHER R HATCHERY","none",8978981,0.175059619794273
2005,"FEATHER R HATCHERY","none",10344947,0.153071156381951
